dish,total_ingredients,mapped_ingredients,unmapped_ingredients,ifct_coverage_percent,assumption_count,external_data_count,calculation_status
Aloo,1,1,0,100.0,0,0,COMPLETE_IFCT
Aloo Bhaji,4,4,0,100.0,0,0,COMPLETE_IFCT
Aloo Bonda,4,4,0,100.0,0,0,COMPLETE_IFCT
Aloo Cabbage Matar,5,5,0,100.0,0,0,COMPLETE_IFCT
Aloo Capsicum,5,5,0,100.0,0,0,COMPLETE_IFCT
Aloo Matar,5,5,0,100.0,0,0,COMPLETE_IFCT
Aloo Onion Kadhi,5,5,0,100.0,1,0,ASSUMPTION_INCLUDED
Amritsari Badi,5,5,0,100.0,0,0,COMPLETE_IFCT
Banana,1,1,0,100.0,0,0,COMPLETE_IFCT
Beetroot Cucumber Salad,3,3,0,100.0,0,0,COMPLETE_IFCT
Besan Chilla,5,5,0,100.0,0,0,COMPLETE_IFCT
Besan Ka Halwa,4,4,0,100.0,0,1,EXTERNAL_DATA_INCLUDED
Biscuit,1,0,1,0.0,0,0,INSUFFICIENT_DATA
Black Chana,5,5,0,100.0,0,0,COMPLETE_IFCT
Black Dal Tadka,5,5,0,100.0,0,0,COMPLETE_IFCT
Boiled Egg,1,1,0,100.0,0,0,COMPLETE_IFCT
Boondi Raita,3,3,0,100.0,1,0,ASSUMPTION_INCLUDED
Bread,1,1,0,100.0,0,1,EXTERNAL_DATA_INCLUDED
Bread Pakora,4,4,0,100.0,0,1,EXTERNAL_DATA_INCLUDED
Brownie,1,0,1,0.0,0,0,INSUFFICIENT_DATA
Butter Chicken,6,6,0,100.0,0,1,EXTERNAL_DATA_INCLUDED
Chaas,2,2,0,100.0,1,0,ASSUMPTION_INCLUDED
Chana Dal Tadka,6,6,0,100.0,0,0,COMPLETE_IFCT
Chana Peanut Salad,6,6,0,100.0,0,0,COMPLETE_IFCT
Chana Toor Dal,5,5,0,100.0,0,0,COMPLETE_IFCT
Chapati,1,1,0,100.0,0,0,COMPLETE_IFCT
Chicken Curry,6,6,0,100.0,0,0,COMPLETE_IFCT
Chicken Kolhapuri,7,7,0,100.0,0,0,COMPLETE_IFCT
Chips,1,0,1,0.0,0,0,INSUFFICIENT_DATA
Chocolate,1,0,1,0.0,0,0,INSUFFICIENT_DATA
Chocolate Pie,1,0,1,0.0,0,0,INSUFFICIENT_DATA
Chole Bhature,6,6,0,100.0,1,0,ASSUMPTION_INCLUDED
Chutney,4,4,0,100.0,0,0,COMPLETE_IFCT
Coconut Laddu,3,3,0,100.0,0,2,EXTERNAL_DATA_INCLUDED
Coffee,3,3,0,100.0,1,2,EXTERNAL_DATA_INCLUDED
Corn Peas Masala,5,5,0,100.0,0,0,COMPLETE_IFCT
Cornflakes,1,0,1,0.0,0,0,INSUFFICIENT_DATA
Cream Roll,1,0,1,0.0,0,0,INSUFFICIENT_DATA
Crispy Dal Kachori,3,3,0,100.0,0,0,COMPLETE_IFCT
Cucumber Salad,2,2,0,100.0,0,0,COMPLETE_IFCT
Custard,3,3,0,100.0,0,1,EXTERNAL_DATA_INCLUDED
Dahi Aloo,4,4,0,100.0,1,0,ASSUMPTION_INCLUDED
Dal Makhani,7,7,0,100.0,0,1,EXTERNAL_DATA_INCLUDED
Dal Maratha,6,6,0,100.0,0,0,COMPLETE_IFCT
Dal Palak,5,5,0,100.0,0,0,COMPLETE_IFCT
Danish Bun,1,1,0,100.0,0,1,EXTERNAL_DATA_INCLUDED
Dhaba Dal,7,7,0,100.0,0,0,COMPLETE_IFCT
Dum Aloo,5,5,0,100.0,1,0,ASSUMPTION_INCLUDED
Egg Bhurji,5,5,0,100.0,0,0,COMPLETE_IFCT
Egg Curry,6,6,0,100.0,0,0,COMPLETE_IFCT
Fat Spread,1,0,1,0.0,0,0,INSUFFICIENT_DATA
Fryums,1,0,1,0.0,0,0,INSUFFICIENT_DATA
Ghiya Masala,4,4,0,100.0,0,0,COMPLETE_IFCT
Gobhi Adraki,5,5,0,100.0,0,0,COMPLETE_IFCT
Gobhi Matar,5,5,0,100.0,0,0,COMPLETE_IFCT
Green Chilli,1,1,0,100.0,0,0,COMPLETE_IFCT
Green Peas Masala,4,4,0,100.0,0,0,COMPLETE_IFCT
Green Salad,4,4,0,100.0,0,0,COMPLETE_IFCT
Gulab Jamun,4,4,0,100.0,0,1,EXTERNAL_DATA_INCLUDED
Halwa,3,3,0,100.0,0,1,EXTERNAL_DATA_INCLUDED
Jam,1,0,1,0.0,0,0,INSUFFICIENT_DATA
Jeera Aloo,3,3,0,100.0,0,0,COMPLETE_IFCT
Jeera Raita,2,2,0,100.0,1,0,ASSUMPTION_INCLUDED
Jeera Rice,3,3,0,100.0,0,0,COMPLETE_IFCT
Jhal Muri,6,6,0,100.0,0,0,COMPLETE_IFCT
Kachumber Salad,4,4,0,100.0,0,0,COMPLETE_IFCT
Kadhai Paneer,5,5,0,100.0,0,0,COMPLETE_IFCT
Kadhai Veg,7,7,0,100.0,0,0,COMPLETE_IFCT
Kadhi Pakora,4,4,0,100.0,1,0,ASSUMPTION_INCLUDED
Kesari Kheer,3,3,0,100.0,0,1,EXTERNAL_DATA_INCLUDED
Khata Mitha Kaddu,3,3,0,100.0,0,0,COMPLETE_IFCT
Khichdi,3,3,0,100.0,0,0,COMPLETE_IFCT
Lobiya Dal,4,4,0,100.0,0,0,COMPLETE_IFCT
Malka Masoor,4,4,0,100.0,0,0,COMPLETE_IFCT
Masala Aloo,4,4,0,100.0,0,0,COMPLETE_IFCT
Matar Paneer,5,5,0,100.0,0,0,COMPLETE_IFCT
Mathi,2,2,0,100.0,0,0,COMPLETE_IFCT
Milk,1,1,0,100.0,0,0,COMPLETE_IFCT
Mint Raita,2,2,0,100.0,1,0,ASSUMPTION_INCLUDED
Mix Dal Amritsari,7,7,0,100.0,0,0,COMPLETE_IFCT
Mix Pakora,5,5,0,100.0,0,0,COMPLETE_IFCT
Mix Raita,3,3,0,100.0,1,0,ASSUMPTION_INCLUDED
Mix Veg,7,7,0,100.0,0,0,COMPLETE_IFCT
Moong Dal,5,5,0,100.0,0,0,COMPLETE_IFCT
Moong Sabut,4,4,0,100.0,0,0,COMPLETE_IFCT
Muffin,1,0,1,0.0,0,0,INSUFFICIENT_DATA
Namak Pare,2,2,0,100.0,0,0,COMPLETE_IFCT
Namkeen,1,0,1,0.0,0,0,INSUFFICIENT_DATA
Namkeen Seviyan,5,5,0,100.0,0,0,COMPLETE_IFCT
Nutry Masala,6,6,0,100.0,1,0,ASSUMPTION_INCLUDED
Nutry Matar,5,5,0,100.0,1,0,ASSUMPTION_INCLUDED
Omelette,5,5,0,100.0,0,0,COMPLETE_IFCT
Onion,1,1,0,100.0,0,0,COMPLETE_IFCT
Palak Corn,5,5,0,100.0,0,0,COMPLETE_IFCT
Panchmail Dal,8,8,0,100.0,0,0,COMPLETE_IFCT
Paneer Butter Masala,6,6,0,100.0,0,1,EXTERNAL_DATA_INCLUDED
Paneer Chettinad,5,5,0,100.0,0,0,COMPLETE_IFCT
Paneer Do Pyaza,4,4,0,100.0,0,0,COMPLETE_IFCT
Paneer Kolhapuri,5,5,0,100.0,0,0,COMPLETE_IFCT
Paneer Lababdar,5,5,0,100.0,0,0,COMPLETE_IFCT
Pav Bhaji,8,8,0,100.0,0,2,EXTERNAL_DATA_INCLUDED
Pickle,1,0,1,0.0,0,0,INSUFFICIENT_DATA
Pink Sauce Pasta,1,0,1,0.0,0,0,INSUFFICIENT_DATA
Plain Curd,1,1,0,100.0,1,0,ASSUMPTION_INCLUDED
Plain Rice,1,1,0,100.0,0,0,COMPLETE_IFCT
Poha,5,5,0,100.0,0,0,COMPLETE_IFCT
Poori,2,2,0,100.0,0,0,COMPLETE_IFCT
Poori Aloo Chana,7,7,0,100.0,0,0,COMPLETE_IFCT
Rajmah,6,6,0,100.0,0,0,COMPLETE_IFCT
Rusk,1,0,1,0.0,0,0,INSUFFICIENT_DATA
Sabudana Kheer,3,3,0,100.0,1,1,EXTERNAL_DATA_INCLUDED
Sabut Masoor,4,4,0,100.0,0,0,COMPLETE_IFCT
Samosa,4,4,0,100.0,0,0,COMPLETE_IFCT
Sandwich,4,4,0,100.0,0,2,EXTERNAL_DATA_INCLUDED
Sirca Onion,2,2,0,100.0,0,0,COMPLETE_IFCT
Stuffed Paratha,3,3,0,100.0,0,0,COMPLETE_IFCT
Sweet Dalia,3,3,0,100.0,0,1,EXTERNAL_DATA_INCLUDED
Tea,3,3,0,100.0,1,2,EXTERNAL_DATA_INCLUDED
Tea Cake,1,0,1,0.0,0,0,INSUFFICIENT_DATA
Tomato,1,1,0,100.0,0,0,COMPLETE_IFCT
Tomato Ketchup,1,0,1,0.0,0,0,INSUFFICIENT_DATA
Veg Biryani,6,6,0,100.0,0,0,COMPLETE_IFCT
Veg Fried Rice,5,5,0,100.0,0,0,COMPLETE_IFCT
Veg Jaipuri,7,7,0,100.0,0,0,COMPLETE_IFCT
Veg Jalfrazi,6,6,0,100.0,0,0,COMPLETE_IFCT
Veg Kofta Curry,6,6,0,100.0,0,0,COMPLETE_IFCT
Veg Korma,7,7,0,100.0,1,0,ASSUMPTION_INCLUDED
Veg Manchurian,5,5,0,100.0,0,0,COMPLETE_IFCT
Vermicelli Payasam,4,4,0,100.0,0,1,EXTERNAL_DATA_INCLUDED
Vermicelli Pudding with Condensed Milk,4,4,0,100.0,0,2,EXTERNAL_DATA_INCLUDED
White Chana,5,5,0,100.0,1,0,ASSUMPTION_INCLUDED
Yellow Dal Tadka,6,6,0,100.0,0,0,COMPLETE_IFCT
