canonical_dish,plate_role,dietary_tag,allowed_slots,source_class
Aloo,DRY_SABZI,VEGETARIAN,LUNCH,PROJECT_DESIGN_CHOICE
Aloo Bhaji,DRY_SABZI,VEGETARIAN,BREAKFAST,PROJECT_DESIGN_CHOICE
Aloo Bonda,SNACK,VEGETARIAN,E_TEA,PROJECT_DESIGN_CHOICE
Aloo Cabbage Matar,DRY_SABZI,VEGETARIAN,"DINNER,LUNCH",PROJECT_DESIGN_CHOICE
Aloo Capsicum,DRY_SABZI,VEGETARIAN,LUNCH,PROJECT_DESIGN_CHOICE
Aloo Matar,DRY_SABZI,VEGETARIAN,LUNCH,PROJECT_DESIGN_CHOICE
Aloo Onion Kadhi,DAL_PROTEIN,VEGETARIAN,LUNCH,PROJECT_DESIGN_CHOICE
Amritsari Badi,DAL_PROTEIN,VEGETARIAN,DINNER,PROJECT_DESIGN_CHOICE
Banana,ACCOMPANIMENT,VEGETARIAN,BREAKFAST,PROJECT_DESIGN_CHOICE
Beetroot Cucumber Salad,ACCOMPANIMENT,VEGETARIAN,LUNCH,PROJECT_DESIGN_CHOICE
Besan Chilla,STAPLE,VEGETARIAN,BREAKFAST,PROJECT_DESIGN_CHOICE
Besan Ka Halwa,DESSERT,VEGETARIAN,DINNER,PROJECT_DESIGN_CHOICE
Biscuit,SNACK,VEGETARIAN,E_TEA,PROJECT_DESIGN_CHOICE
Black Chana,DAL_PROTEIN,VEGETARIAN,"BREAKFAST,DINNER,LUNCH",PROJECT_DESIGN_CHOICE
Black Dal Tadka,DAL_PROTEIN,VEGETARIAN,LUNCH,PROJECT_DESIGN_CHOICE
Boiled Egg,DAL_PROTEIN,EGGETARIAN,BREAKFAST,PROJECT_DESIGN_CHOICE
Boondi Raita,ACCOMPANIMENT,VEGETARIAN,LUNCH,PROJECT_DESIGN_CHOICE
Bread,STAPLE,VEGETARIAN,BREAKFAST,PROJECT_DESIGN_CHOICE
Bread Pakora,SNACK,VEGETARIAN,E_TEA,PROJECT_DESIGN_CHOICE
Brownie,SNACK,VEGETARIAN,DINNER,PROJECT_DESIGN_CHOICE
Butter Chicken,DAL_PROTEIN,NON_VEG,DINNER,PROJECT_DESIGN_CHOICE
Chaas,BEVERAGE,VEGETARIAN,LUNCH,PROJECT_DESIGN_CHOICE
Chana Dal Tadka,DAL_PROTEIN,VEGETARIAN,DINNER,PROJECT_DESIGN_CHOICE
Chana Peanut Salad,ACCOMPANIMENT,VEGETARIAN,LUNCH,PROJECT_DESIGN_CHOICE
Chana Toor Dal,DAL_PROTEIN,VEGETARIAN,DINNER,PROJECT_DESIGN_CHOICE
Chapati,STAPLE,VEGETARIAN,"DINNER,LUNCH",PROJECT_DESIGN_CHOICE
Chicken Curry,DAL_PROTEIN,NON_VEG,DINNER,PROJECT_DESIGN_CHOICE
Chicken Kolhapuri,DAL_PROTEIN,NON_VEG,DINNER,PROJECT_DESIGN_CHOICE
Chips,SNACK,VEGETARIAN,E_TEA,PROJECT_DESIGN_CHOICE
Chocolate,DESSERT,VEGETARIAN,DINNER,PROJECT_DESIGN_CHOICE
Chocolate Pie,DESSERT,VEGETARIAN,E_TEA,PROJECT_DESIGN_CHOICE
Chole Bhature,STAPLE,VEGETARIAN,BREAKFAST,PROJECT_DESIGN_CHOICE
Chutney,ACCOMPANIMENT,VEGETARIAN,BREAKFAST,PROJECT_DESIGN_CHOICE
Coconut Laddu,DESSERT,VEGETARIAN,DINNER,PROJECT_DESIGN_CHOICE
Coffee,BEVERAGE,VEGETARIAN,E_TEA,PROJECT_DESIGN_CHOICE
Corn Peas Masala,DRY_SABZI,VEGETARIAN,LUNCH,PROJECT_DESIGN_CHOICE
Cornflakes,STAPLE,VEGETARIAN,BREAKFAST,PROJECT_DESIGN_CHOICE
Cream Roll,SNACK,VEGETARIAN,E_TEA,PROJECT_DESIGN_CHOICE
Crispy Dal Kachori,SNACK,VEGETARIAN,E_TEA,PROJECT_DESIGN_CHOICE
Cucumber Salad,ACCOMPANIMENT,VEGETARIAN,LUNCH,PROJECT_DESIGN_CHOICE
Custard,DESSERT,VEGETARIAN,DINNER,PROJECT_DESIGN_CHOICE
Dahi Aloo,GRAVY_SABZI,VEGETARIAN,LUNCH,PROJECT_DESIGN_CHOICE
Dal Makhani,DAL_PROTEIN,VEGETARIAN,"DINNER,LUNCH",PROJECT_DESIGN_CHOICE
Dal Maratha,DAL_PROTEIN,VEGETARIAN,"DINNER,LUNCH",PROJECT_DESIGN_CHOICE
Dal Palak,DAL_PROTEIN,VEGETARIAN,DINNER,PROJECT_DESIGN_CHOICE
Danish Bun,SNACK,VEGETARIAN,E_TEA,PROJECT_DESIGN_CHOICE
Dhaba Dal,DAL_PROTEIN,VEGETARIAN,LUNCH,PROJECT_DESIGN_CHOICE
Dum Aloo,GRAVY_SABZI,VEGETARIAN,"DINNER,LUNCH",PROJECT_DESIGN_CHOICE
Egg Bhurji,DAL_PROTEIN,EGGETARIAN,DINNER,PROJECT_DESIGN_CHOICE
Egg Curry,DAL_PROTEIN,EGGETARIAN,DINNER,PROJECT_DESIGN_CHOICE
Fat Spread,ACCOMPANIMENT,VEGETARIAN,BREAKFAST,PROJECT_DESIGN_CHOICE
Fryums,SNACK,VEGETARIAN,LUNCH,PROJECT_DESIGN_CHOICE
Ghiya Masala,DRY_SABZI,VEGETARIAN,"DINNER,LUNCH",PROJECT_DESIGN_CHOICE
Gobhi Adraki,DRY_SABZI,VEGETARIAN,DINNER,PROJECT_DESIGN_CHOICE
Gobhi Matar,DRY_SABZI,VEGETARIAN,DINNER,PROJECT_DESIGN_CHOICE
Green Chilli,ACCOMPANIMENT,VEGETARIAN,BREAKFAST,PROJECT_DESIGN_CHOICE
Green Peas Masala,DRY_SABZI,VEGETARIAN,LUNCH,PROJECT_DESIGN_CHOICE
Green Salad,ACCOMPANIMENT,VEGETARIAN,"DINNER,LUNCH",PROJECT_DESIGN_CHOICE
Gulab Jamun,DESSERT,VEGETARIAN,DINNER,PROJECT_DESIGN_CHOICE
Halwa,DESSERT,VEGETARIAN,BREAKFAST,PROJECT_DESIGN_CHOICE
Jam,ACCOMPANIMENT,VEGETARIAN,BREAKFAST,PROJECT_DESIGN_CHOICE
Jeera Aloo,DRY_SABZI,VEGETARIAN,LUNCH,PROJECT_DESIGN_CHOICE
Jeera Raita,ACCOMPANIMENT,VEGETARIAN,LUNCH,PROJECT_DESIGN_CHOICE
Jeera Rice,STAPLE,VEGETARIAN,"DINNER,LUNCH",PROJECT_DESIGN_CHOICE
Jhal Muri,SNACK,VEGETARIAN,E_TEA,PROJECT_DESIGN_CHOICE
Kachumber Salad,ACCOMPANIMENT,VEGETARIAN,"DINNER,LUNCH",PROJECT_DESIGN_CHOICE
Kadhai Paneer,GRAVY_SABZI,VEGETARIAN,DINNER,PROJECT_DESIGN_CHOICE
Kadhai Veg,DRY_SABZI,VEGETARIAN,LUNCH,PROJECT_DESIGN_CHOICE
Kadhi Pakora,DAL_PROTEIN,VEGETARIAN,LUNCH,PROJECT_DESIGN_CHOICE
Kesari Kheer,DESSERT,VEGETARIAN,DINNER,PROJECT_DESIGN_CHOICE
Khata Mitha Kaddu,DRY_SABZI,VEGETARIAN,DINNER,PROJECT_DESIGN_CHOICE
Khichdi,STAPLE,VEGETARIAN,LUNCH,PROJECT_DESIGN_CHOICE
Lobiya Dal,DAL_PROTEIN,VEGETARIAN,DINNER,PROJECT_DESIGN_CHOICE
Malka Masoor,DAL_PROTEIN,VEGETARIAN,LUNCH,PROJECT_DESIGN_CHOICE
Masala Aloo,DRY_SABZI,VEGETARIAN,BREAKFAST,PROJECT_DESIGN_CHOICE
Matar Paneer,GRAVY_SABZI,VEGETARIAN,DINNER,PROJECT_DESIGN_CHOICE
Mathi,SNACK,VEGETARIAN,E_TEA,PROJECT_DESIGN_CHOICE
Milk,BEVERAGE,VEGETARIAN,BREAKFAST,PROJECT_DESIGN_CHOICE
Mint Raita,ACCOMPANIMENT,VEGETARIAN,LUNCH,PROJECT_DESIGN_CHOICE
Mix Dal Amritsari,DAL_PROTEIN,VEGETARIAN,LUNCH,PROJECT_DESIGN_CHOICE
Mix Pakora,SNACK,VEGETARIAN,E_TEA,PROJECT_DESIGN_CHOICE
Mix Raita,ACCOMPANIMENT,VEGETARIAN,LUNCH,PROJECT_DESIGN_CHOICE
Mix Veg,DRY_SABZI,VEGETARIAN,"DINNER,LUNCH",PROJECT_DESIGN_CHOICE
Moong Dal,DAL_PROTEIN,VEGETARIAN,DINNER,PROJECT_DESIGN_CHOICE
Moong Sabut,DAL_PROTEIN,VEGETARIAN,DINNER,PROJECT_DESIGN_CHOICE
Muffin,SNACK,VEGETARIAN,E_TEA,PROJECT_DESIGN_CHOICE
Namak Pare,SNACK,VEGETARIAN,E_TEA,PROJECT_DESIGN_CHOICE
Namkeen,SNACK,VEGETARIAN,E_TEA,PROJECT_DESIGN_CHOICE
Namkeen Seviyan,SNACK,VEGETARIAN,BREAKFAST,PROJECT_DESIGN_CHOICE
Nutry Masala,GRAVY_SABZI,VEGETARIAN,"DINNER,LUNCH",PROJECT_DESIGN_CHOICE
Nutry Matar,GRAVY_SABZI,VEGETARIAN,"DINNER,LUNCH",PROJECT_DESIGN_CHOICE
Omelette,DAL_PROTEIN,EGGETARIAN,BREAKFAST,PROJECT_DESIGN_CHOICE
Onion,ACCOMPANIMENT,VEGETARIAN,BREAKFAST,PROJECT_DESIGN_CHOICE
Palak Corn,DRY_SABZI,VEGETARIAN,"DINNER,LUNCH",PROJECT_DESIGN_CHOICE
Panchmail Dal,DAL_PROTEIN,VEGETARIAN,LUNCH,PROJECT_DESIGN_CHOICE
Paneer Butter Masala,GRAVY_SABZI,VEGETARIAN,DINNER,PROJECT_DESIGN_CHOICE
Paneer Chettinad,GRAVY_SABZI,VEGETARIAN,DINNER,PROJECT_DESIGN_CHOICE
Paneer Do Pyaza,GRAVY_SABZI,VEGETARIAN,DINNER,PROJECT_DESIGN_CHOICE
Paneer Kolhapuri,GRAVY_SABZI,VEGETARIAN,DINNER,PROJECT_DESIGN_CHOICE
Paneer Lababdar,GRAVY_SABZI,VEGETARIAN,DINNER,PROJECT_DESIGN_CHOICE
Pav Bhaji,STAPLE,VEGETARIAN,BREAKFAST,PROJECT_DESIGN_CHOICE
Pickle,ACCOMPANIMENT,VEGETARIAN,BREAKFAST,PROJECT_DESIGN_CHOICE
Pink Sauce Pasta,STAPLE,VEGETARIAN,E_TEA,PROJECT_DESIGN_CHOICE
Plain Curd,ACCOMPANIMENT,VEGETARIAN,"BREAKFAST,LUNCH",PROJECT_DESIGN_CHOICE
Plain Rice,STAPLE,VEGETARIAN,"DINNER,LUNCH",PROJECT_DESIGN_CHOICE
Poha,STAPLE,VEGETARIAN,BREAKFAST,PROJECT_DESIGN_CHOICE
Poori,STAPLE,VEGETARIAN,BREAKFAST,PROJECT_DESIGN_CHOICE
Poori Aloo Chana,STAPLE,VEGETARIAN,BREAKFAST,PROJECT_DESIGN_CHOICE
Rajmah,DAL_PROTEIN,VEGETARIAN,"DINNER,LUNCH",PROJECT_DESIGN_CHOICE
Rusk,SNACK,VEGETARIAN,E_TEA,PROJECT_DESIGN_CHOICE
Sabudana Kheer,DESSERT,VEGETARIAN,DINNER,PROJECT_DESIGN_CHOICE
Sabut Masoor,DAL_PROTEIN,VEGETARIAN,"DINNER,LUNCH",PROJECT_DESIGN_CHOICE
Samosa,SNACK,VEGETARIAN,E_TEA,PROJECT_DESIGN_CHOICE
Sandwich,STAPLE,VEGETARIAN,BREAKFAST,PROJECT_DESIGN_CHOICE
Sirca Onion,ACCOMPANIMENT,VEGETARIAN,DINNER,PROJECT_DESIGN_CHOICE
Stuffed Paratha,STAPLE,VEGETARIAN,BREAKFAST,PROJECT_DESIGN_CHOICE
Sweet Dalia,STAPLE,VEGETARIAN,BREAKFAST,PROJECT_DESIGN_CHOICE
Tea,BEVERAGE,VEGETARIAN,"BREAKFAST,E_TEA",PROJECT_DESIGN_CHOICE
Tea Cake,SNACK,VEGETARIAN,E_TEA,PROJECT_DESIGN_CHOICE
Tomato,ACCOMPANIMENT,VEGETARIAN,BREAKFAST,PROJECT_DESIGN_CHOICE
Tomato Ketchup,ACCOMPANIMENT,VEGETARIAN,BREAKFAST,PROJECT_DESIGN_CHOICE
Veg Biryani,STAPLE,VEGETARIAN,LUNCH,PROJECT_DESIGN_CHOICE
Veg Fried Rice,STAPLE,VEGETARIAN,DINNER,PROJECT_DESIGN_CHOICE
Veg Jaipuri,DRY_SABZI,VEGETARIAN,LUNCH,PROJECT_DESIGN_CHOICE
Veg Jalfrazi,DRY_SABZI,VEGETARIAN,DINNER,PROJECT_DESIGN_CHOICE
Veg Kofta Curry,GRAVY_SABZI,VEGETARIAN,LUNCH,PROJECT_DESIGN_CHOICE
Veg Korma,GRAVY_SABZI,VEGETARIAN,LUNCH,PROJECT_DESIGN_CHOICE
Veg Manchurian,DRY_SABZI,VEGETARIAN,DINNER,PROJECT_DESIGN_CHOICE
Vermicelli Payasam,DESSERT,VEGETARIAN,DINNER,PROJECT_DESIGN_CHOICE
Vermicelli Pudding with Condensed Milk,DESSERT,VEGETARIAN,DINNER,PROJECT_DESIGN_CHOICE
White Chana,DAL_PROTEIN,VEGETARIAN,DINNER,PROJECT_DESIGN_CHOICE
Yellow Dal Tadka,DAL_PROTEIN,VEGETARIAN,"DINNER,LUNCH",PROJECT_DESIGN_CHOICE
