dish,ingredient,quantity_g,quantity_basis,source_type,source_reference,mapping_status,confidence,notes
Aloo,Potato,70.0,RAW_INGREDIENT_GRAM_PER_SERVING,PROJECT_ASSUMPTION,PROJECT_PORTION_ASSUMPTIONS,VERIFIED,0.95,Boiled potato single portion
Aloo Bhaji,Potato,60.0,RAW_INGREDIENT_GRAM_PER_SERVING,PROJECT_ASSUMPTION,PROJECT_PORTION_ASSUMPTIONS,VERIFIED,0.95,Diced potato
Aloo Bhaji,Onion,15.0,RAW_INGREDIENT_GRAM_PER_SERVING,PROJECT_ASSUMPTION,PROJECT_PORTION_ASSUMPTIONS,VERIFIED,0.95,Sautéed onion
Aloo Bhaji,Vegetable oil,5.0,RAW_INGREDIENT_GRAM_PER_SERVING,PROJECT_ASSUMPTION,PROJECT_PORTION_ASSUMPTIONS,VERIFIED,0.95,Cooking oil
Aloo Bhaji,Green chilli,2.0,RAW_INGREDIENT_GRAM_PER_SERVING,PROJECT_ASSUMPTION,PROJECT_PORTION_ASSUMPTIONS,VERIFIED,0.95,Green chilli
Aloo Bonda,Potato,40.0,RAW_INGREDIENT_GRAM_PER_SERVING,PROJECT_ASSUMPTION,PROJECT_PORTION_ASSUMPTIONS,VERIFIED,0.95,Spiced potato ball
Aloo Bonda,"Bengal gram, flour",20.0,RAW_INGREDIENT_GRAM_PER_SERVING,PROJECT_ASSUMPTION,PROJECT_PORTION_ASSUMPTIONS,VERIFIED,0.95,Besan batter coat
Aloo Bonda,Vegetable oil,8.0,RAW_INGREDIENT_GRAM_PER_SERVING,PROJECT_ASSUMPTION,PROJECT_PORTION_ASSUMPTIONS,VERIFIED,0.95,Deep frying oil uptake
Aloo Bonda,Green chilli,2.0,RAW_INGREDIENT_GRAM_PER_SERVING,PROJECT_ASSUMPTION,PROJECT_PORTION_ASSUMPTIONS,VERIFIED,0.95,Green chilli
Aloo Cabbage Matar,Potato,35.0,RAW_INGREDIENT_GRAM_PER_SERVING,PROJECT_ASSUMPTION,PROJECT_PORTION_ASSUMPTIONS,VERIFIED,0.95,Diced potato
Aloo Cabbage Matar,Cabbage,30.0,RAW_INGREDIENT_GRAM_PER_SERVING,PROJECT_ASSUMPTION,PROJECT_PORTION_ASSUMPTIONS,VERIFIED,1.0,Shredded cabbage
Aloo Cabbage Matar,Green peas,20.0,RAW_INGREDIENT_GRAM_PER_SERVING,PROJECT_ASSUMPTION,PROJECT_PORTION_ASSUMPTIONS,VERIFIED,1.0,Fresh green peas
Aloo Cabbage Matar,Tomato,10.0,RAW_INGREDIENT_GRAM_PER_SERVING,PROJECT_ASSUMPTION,PROJECT_PORTION_ASSUMPTIONS,VERIFIED,0.95,Tomato base
Aloo Cabbage Matar,Vegetable oil,5.0,RAW_INGREDIENT_GRAM_PER_SERVING,PROJECT_ASSUMPTION,PROJECT_PORTION_ASSUMPTIONS,VERIFIED,0.95,Cooking oil
Aloo Capsicum,Potato,40.0,RAW_INGREDIENT_GRAM_PER_SERVING,PROJECT_ASSUMPTION,PROJECT_PORTION_ASSUMPTIONS,VERIFIED,0.95,Diced potato
Aloo Capsicum,"Capsicum, green",30.0,RAW_INGREDIENT_GRAM_PER_SERVING,PROJECT_ASSUMPTION,PROJECT_PORTION_ASSUMPTIONS,VERIFIED,1.0,Diced green bell pepper
Aloo Capsicum,Tomato,15.0,RAW_INGREDIENT_GRAM_PER_SERVING,PROJECT_ASSUMPTION,PROJECT_PORTION_ASSUMPTIONS,VERIFIED,0.95,Tomato base
Aloo Capsicum,Onion,10.0,RAW_INGREDIENT_GRAM_PER_SERVING,PROJECT_ASSUMPTION,PROJECT_PORTION_ASSUMPTIONS,VERIFIED,0.95,Onion base
Aloo Capsicum,Vegetable oil,5.0,RAW_INGREDIENT_GRAM_PER_SERVING,PROJECT_ASSUMPTION,PROJECT_PORTION_ASSUMPTIONS,VERIFIED,0.95,Cooking oil
Aloo Matar,Potato,45.0,RAW_INGREDIENT_GRAM_PER_SERVING,PROJECT_ASSUMPTION,PROJECT_PORTION_ASSUMPTIONS,VERIFIED,0.95,Diced potato
Aloo Matar,Green peas,25.0,RAW_INGREDIENT_GRAM_PER_SERVING,PROJECT_ASSUMPTION,PROJECT_PORTION_ASSUMPTIONS,VERIFIED,1.0,Fresh green peas
Aloo Matar,Tomato,15.0,RAW_INGREDIENT_GRAM_PER_SERVING,PROJECT_ASSUMPTION,PROJECT_PORTION_ASSUMPTIONS,VERIFIED,0.95,Tomato gravy
Aloo Matar,Onion,10.0,RAW_INGREDIENT_GRAM_PER_SERVING,PROJECT_ASSUMPTION,PROJECT_PORTION_ASSUMPTIONS,VERIFIED,0.95,Onion base
Aloo Matar,Vegetable oil,5.0,RAW_INGREDIENT_GRAM_PER_SERVING,PROJECT_ASSUMPTION,PROJECT_PORTION_ASSUMPTIONS,VERIFIED,0.95,Cooking oil
Aloo Onion Kadhi,"Bengal gram, flour",20.0,RAW_INGREDIENT_GRAM_PER_SERVING,PROJECT_ASSUMPTION,PROJECT_PORTION_ASSUMPTIONS,VERIFIED,0.95,Besan kadhi base
Aloo Onion Kadhi,Curd / Dahi,30.0,RAW_INGREDIENT_GRAM_PER_SERVING,PROJECT_ASSUMPTION,PROJECT_PORTION_ASSUMPTIONS,APPROXIMATE,0.9,Sour curd for kadhi
Aloo Onion Kadhi,Potato,25.0,RAW_INGREDIENT_GRAM_PER_SERVING,PROJECT_ASSUMPTION,PROJECT_PORTION_ASSUMPTIONS,VERIFIED,0.95,Diced potato
Aloo Onion Kadhi,Onion,15.0,RAW_INGREDIENT_GRAM_PER_SERVING,PROJECT_ASSUMPTION,PROJECT_PORTION_ASSUMPTIONS,VERIFIED,0.95,Sliced onion
Aloo Onion Kadhi,Vegetable oil,5.0,RAW_INGREDIENT_GRAM_PER_SERVING,PROJECT_ASSUMPTION,PROJECT_PORTION_ASSUMPTIONS,VERIFIED,0.95,Cooking oil
Amritsari Badi,"Black gram, dal",25.0,RAW_INGREDIENT_GRAM_PER_SERVING,PROJECT_ASSUMPTION,PROJECT_PORTION_ASSUMPTIONS,VERIFIED,1.0,Urad dal wadi/dumpling base
Amritsari Badi,Tomato,15.0,RAW_INGREDIENT_GRAM_PER_SERVING,PROJECT_ASSUMPTION,PROJECT_PORTION_ASSUMPTIONS,VERIFIED,0.95,Tomato gravy
Amritsari Badi,Onion,15.0,RAW_INGREDIENT_GRAM_PER_SERVING,PROJECT_ASSUMPTION,PROJECT_PORTION_ASSUMPTIONS,VERIFIED,0.95,Onion gravy
Amritsari Badi,Vegetable oil,5.0,RAW_INGREDIENT_GRAM_PER_SERVING,PROJECT_ASSUMPTION,PROJECT_PORTION_ASSUMPTIONS,VERIFIED,0.95,Cooking oil
Amritsari Badi,Ginger,2.0,RAW_INGREDIENT_GRAM_PER_SERVING,PROJECT_ASSUMPTION,PROJECT_PORTION_ASSUMPTIONS,VERIFIED,1.0,Fresh ginger
Banana,Banana,100.0,RAW_INGREDIENT_GRAM_PER_SERVING,PROJECT_ASSUMPTION,PROJECT_PORTION_ASSUMPTIONS,VERIFIED,0.95,Single medium whole raw edible banana
Beetroot Cucumber Salad,Beetroot,35.0,RAW_INGREDIENT_GRAM_PER_SERVING,PROJECT_ASSUMPTION,PROJECT_PORTION_ASSUMPTIONS,VERIFIED,1.0,Fresh grated/sliced beetroot
Beetroot Cucumber Salad,Cucumber,35.0,RAW_INGREDIENT_GRAM_PER_SERVING,PROJECT_ASSUMPTION,PROJECT_PORTION_ASSUMPTIONS,VERIFIED,1.0,Fresh sliced cucumber
Beetroot Cucumber Salad,Lemon,5.0,RAW_INGREDIENT_GRAM_PER_SERVING,PROJECT_ASSUMPTION,PROJECT_PORTION_ASSUMPTIONS,VERIFIED,1.0,Lemon juice dressing
Besan Chilla,"Bengal gram, flour",35.0,RAW_INGREDIENT_GRAM_PER_SERVING,PROJECT_ASSUMPTION,PROJECT_PORTION_ASSUMPTIONS,VERIFIED,0.95,Gram flour batter
Besan Chilla,Onion,10.0,RAW_INGREDIENT_GRAM_PER_SERVING,PROJECT_ASSUMPTION,PROJECT_PORTION_ASSUMPTIONS,VERIFIED,0.95,Chopped onion
Besan Chilla,Tomato,5.0,RAW_INGREDIENT_GRAM_PER_SERVING,PROJECT_ASSUMPTION,PROJECT_PORTION_ASSUMPTIONS,VERIFIED,0.95,Chopped tomato
Besan Chilla,Vegetable oil,5.0,RAW_INGREDIENT_GRAM_PER_SERVING,PROJECT_ASSUMPTION,PROJECT_PORTION_ASSUMPTIONS,VERIFIED,0.95,Pan frying oil
Besan Chilla,Green chilli,2.0,RAW_INGREDIENT_GRAM_PER_SERVING,PROJECT_ASSUMPTION,PROJECT_PORTION_ASSUMPTIONS,VERIFIED,0.95,Green chilli
Besan Ka Halwa,"Bengal gram, flour",25.0,RAW_INGREDIENT_GRAM_PER_SERVING,PROJECT_ASSUMPTION,PROJECT_PORTION_ASSUMPTIONS,VERIFIED,0.95,Roasted besan
Besan Ka Halwa,Ghee,15.0,RAW_INGREDIENT_GRAM_PER_SERVING,PROJECT_ASSUMPTION,PROJECT_PORTION_ASSUMPTIONS,VERIFIED,1.0,Ghee
Besan Ka Halwa,"Sugar, refined",15.0,RAW_INGREDIENT_GRAM_PER_SERVING,PROJECT_ASSUMPTION,PROJECT_PORTION_ASSUMPTIONS,VERIFIED,0.95,Refined sugar
Besan Ka Halwa,"Milk, whole, cow",30.0,RAW_INGREDIENT_GRAM_PER_SERVING,PROJECT_ASSUMPTION,PROJECT_PORTION_ASSUMPTIONS,VERIFIED,1.0,Whole milk
Biscuit,Commercial biscuit,25.0,RAW_INGREDIENT_GRAM_PER_SERVING,PROJECT_ASSUMPTION,PROJECT_PORTION_ASSUMPTIONS,UNMAPPED,0.0,Packaged biscuits portion
Black Chana,"Bengal gram, whole",30.0,RAW_INGREDIENT_GRAM_PER_SERVING,PROJECT_ASSUMPTION,PROJECT_PORTION_ASSUMPTIONS,VERIFIED,1.0,Raw kala chana issuance
Black Chana,Tomato,15.0,RAW_INGREDIENT_GRAM_PER_SERVING,PROJECT_ASSUMPTION,PROJECT_PORTION_ASSUMPTIONS,VERIFIED,0.95,Tomato gravy
Black Chana,Onion,15.0,RAW_INGREDIENT_GRAM_PER_SERVING,PROJECT_ASSUMPTION,PROJECT_PORTION_ASSUMPTIONS,VERIFIED,0.95,Onion base
Black Chana,Vegetable oil,5.0,RAW_INGREDIENT_GRAM_PER_SERVING,PROJECT_ASSUMPTION,PROJECT_PORTION_ASSUMPTIONS,VERIFIED,0.95,Cooking oil
Black Chana,Ginger,2.0,RAW_INGREDIENT_GRAM_PER_SERVING,PROJECT_ASSUMPTION,PROJECT_PORTION_ASSUMPTIONS,VERIFIED,1.0,Fresh ginger
Black Dal Tadka,"Black gram, whole",30.0,RAW_INGREDIENT_GRAM_PER_SERVING,PROJECT_ASSUMPTION,PROJECT_PORTION_ASSUMPTIONS,VERIFIED,1.0,Raw sabut urad issuance
Black Dal Tadka,Tomato,10.0,RAW_INGREDIENT_GRAM_PER_SERVING,PROJECT_ASSUMPTION,PROJECT_PORTION_ASSUMPTIONS,VERIFIED,0.95,Tomato base
Black Dal Tadka,Onion,10.0,RAW_INGREDIENT_GRAM_PER_SERVING,PROJECT_ASSUMPTION,PROJECT_PORTION_ASSUMPTIONS,VERIFIED,0.95,Onion base
Black Dal Tadka,Ghee,5.0,RAW_INGREDIENT_GRAM_PER_SERVING,PROJECT_ASSUMPTION,PROJECT_PORTION_ASSUMPTIONS,VERIFIED,1.0,Tadka ghee
Black Dal Tadka,Garlic,2.0,RAW_INGREDIENT_GRAM_PER_SERVING,PROJECT_ASSUMPTION,PROJECT_PORTION_ASSUMPTIONS,VERIFIED,0.95,Garlic cloves
Boiled Egg,"Egg, whole",50.0,RAW_INGREDIENT_GRAM_PER_SERVING,PROJECT_ASSUMPTION,PROJECT_PORTION_ASSUMPTIONS,VERIFIED,1.0,Single large whole boiled poultry egg
Boondi Raita,Curd / Dahi,80.0,RAW_INGREDIENT_GRAM_PER_SERVING,PROJECT_ASSUMPTION,PROJECT_PORTION_ASSUMPTIONS,APPROXIMATE,0.9,Curd base
Boondi Raita,"Bengal gram, flour",15.0,RAW_INGREDIENT_GRAM_PER_SERVING,PROJECT_ASSUMPTION,PROJECT_PORTION_ASSUMPTIONS,VERIFIED,0.95,Boondi gram flour
Boondi Raita,Vegetable oil,5.0,RAW_INGREDIENT_GRAM_PER_SERVING,PROJECT_ASSUMPTION,PROJECT_PORTION_ASSUMPTIONS,VERIFIED,0.95,Boondi frying oil uptake
Bread,Commercial bread,50.0,RAW_INGREDIENT_GRAM_PER_SERVING,PROJECT_ASSUMPTION,PROJECT_PORTION_ASSUMPTIONS,VERIFIED,0.95,Two slices white bread
Bread Pakora,Commercial bread,30.0,RAW_INGREDIENT_GRAM_PER_SERVING,PROJECT_ASSUMPTION,PROJECT_PORTION_ASSUMPTIONS,VERIFIED,0.95,Single white bread slice
Bread Pakora,Potato,25.0,RAW_INGREDIENT_GRAM_PER_SERVING,PROJECT_ASSUMPTION,PROJECT_PORTION_ASSUMPTIONS,VERIFIED,0.95,Potato stuffing
Bread Pakora,"Bengal gram, flour",20.0,RAW_INGREDIENT_GRAM_PER_SERVING,PROJECT_ASSUMPTION,PROJECT_PORTION_ASSUMPTIONS,VERIFIED,0.95,Besan batter coat
Bread Pakora,Vegetable oil,8.0,RAW_INGREDIENT_GRAM_PER_SERVING,PROJECT_ASSUMPTION,PROJECT_PORTION_ASSUMPTIONS,VERIFIED,0.95,Deep frying oil uptake
Brownie,Commercial brownie,40.0,RAW_INGREDIENT_GRAM_PER_SERVING,PROJECT_ASSUMPTION,PROJECT_PORTION_ASSUMPTIONS,UNMAPPED,0.0,Single commercial chocolate brownie
Butter Chicken,"Chicken meat, breast",80.0,RAW_INGREDIENT_GRAM_PER_SERVING,PROJECT_ASSUMPTION,PROJECT_PORTION_ASSUMPTIONS,VERIFIED,1.0,Skinless chicken meat portion
Butter Chicken,Tomato,25.0,RAW_INGREDIENT_GRAM_PER_SERVING,PROJECT_ASSUMPTION,PROJECT_PORTION_ASSUMPTIONS,VERIFIED,0.95,Makhani tomato gravy base
Butter Chicken,Onion,15.0,RAW_INGREDIENT_GRAM_PER_SERVING,PROJECT_ASSUMPTION,PROJECT_PORTION_ASSUMPTIONS,VERIFIED,0.95,Onion base
Butter Chicken,Butter,6.0,RAW_INGREDIENT_GRAM_PER_SERVING,PROJECT_ASSUMPTION,PROJECT_PORTION_ASSUMPTIONS,VERIFIED,0.95,Butter enrichment
Butter Chicken,"Milk, whole, cow",10.0,RAW_INGREDIENT_GRAM_PER_SERVING,PROJECT_ASSUMPTION,PROJECT_PORTION_ASSUMPTIONS,VERIFIED,1.0,Milk/cream enrichment
Butter Chicken,Vegetable oil,5.0,RAW_INGREDIENT_GRAM_PER_SERVING,PROJECT_ASSUMPTION,PROJECT_PORTION_ASSUMPTIONS,VERIFIED,0.95,Cooking oil
Chaas,Curd / Dahi,60.0,RAW_INGREDIENT_GRAM_PER_SERVING,PROJECT_ASSUMPTION,PROJECT_PORTION_ASSUMPTIONS,APPROXIMATE,0.9,Diluted curd buttermilk base
Chaas,Cumin seeds,1.0,RAW_INGREDIENT_GRAM_PER_SERVING,PROJECT_ASSUMPTION,PROJECT_PORTION_ASSUMPTIONS,VERIFIED,1.0,Roasted cumin
Chana Dal Tadka,"Bengal gram, dal",30.0,RAW_INGREDIENT_GRAM_PER_SERVING,PROJECT_ASSUMPTION,PROJECT_PORTION_ASSUMPTIONS,VERIFIED,1.0,Raw chana dal issuance
Chana Dal Tadka,Tomato,10.0,RAW_INGREDIENT_GRAM_PER_SERVING,PROJECT_ASSUMPTION,PROJECT_PORTION_ASSUMPTIONS,VERIFIED,0.95,Tomato base
Chana Dal Tadka,Onion,10.0,RAW_INGREDIENT_GRAM_PER_SERVING,PROJECT_ASSUMPTION,PROJECT_PORTION_ASSUMPTIONS,VERIFIED,0.95,Onion base
Chana Dal Tadka,Ghee,5.0,RAW_INGREDIENT_GRAM_PER_SERVING,PROJECT_ASSUMPTION,PROJECT_PORTION_ASSUMPTIONS,VERIFIED,1.0,Tadka ghee
Chana Dal Tadka,Garlic,2.0,RAW_INGREDIENT_GRAM_PER_SERVING,PROJECT_ASSUMPTION,PROJECT_PORTION_ASSUMPTIONS,VERIFIED,0.95,Garlic cloves
Chana Dal Tadka,Cumin seeds,1.0,RAW_INGREDIENT_GRAM_PER_SERVING,PROJECT_ASSUMPTION,PROJECT_PORTION_ASSUMPTIONS,VERIFIED,1.0,Cumin tempering
Chana Peanut Salad,"Bengal gram, whole",30.0,RAW_INGREDIENT_GRAM_PER_SERVING,PROJECT_ASSUMPTION,PROJECT_PORTION_ASSUMPTIONS,VERIFIED,1.0,Boiled kala chana
Chana Peanut Salad,Groundnut / Peanut,15.0,RAW_INGREDIENT_GRAM_PER_SERVING,PROJECT_ASSUMPTION,PROJECT_PORTION_ASSUMPTIONS,VERIFIED,1.0,Roasted peanuts
Chana Peanut Salad,Cucumber,20.0,RAW_INGREDIENT_GRAM_PER_SERVING,PROJECT_ASSUMPTION,PROJECT_PORTION_ASSUMPTIONS,VERIFIED,1.0,Diced cucumber
Chana Peanut Salad,Tomato,15.0,RAW_INGREDIENT_GRAM_PER_SERVING,PROJECT_ASSUMPTION,PROJECT_PORTION_ASSUMPTIONS,VERIFIED,0.95,Diced tomato
Chana Peanut Salad,Onion,10.0,RAW_INGREDIENT_GRAM_PER_SERVING,PROJECT_ASSUMPTION,PROJECT_PORTION_ASSUMPTIONS,VERIFIED,0.95,Diced onion
Chana Peanut Salad,Lemon,5.0,RAW_INGREDIENT_GRAM_PER_SERVING,PROJECT_ASSUMPTION,PROJECT_PORTION_ASSUMPTIONS,VERIFIED,1.0,Lemon juice dressing
Chana Toor Dal,"Bengal gram, dal",15.0,RAW_INGREDIENT_GRAM_PER_SERVING,PROJECT_ASSUMPTION,PROJECT_PORTION_ASSUMPTIONS,VERIFIED,1.0,Chana dal component
Chana Toor Dal,"Red gram, dal",15.0,RAW_INGREDIENT_GRAM_PER_SERVING,PROJECT_ASSUMPTION,PROJECT_PORTION_ASSUMPTIONS,VERIFIED,1.0,Toor dal component
Chana Toor Dal,Tomato,10.0,RAW_INGREDIENT_GRAM_PER_SERVING,PROJECT_ASSUMPTION,PROJECT_PORTION_ASSUMPTIONS,VERIFIED,0.95,Tomato base
Chana Toor Dal,Onion,10.0,RAW_INGREDIENT_GRAM_PER_SERVING,PROJECT_ASSUMPTION,PROJECT_PORTION_ASSUMPTIONS,VERIFIED,0.95,Onion base
Chana Toor Dal,Vegetable oil,5.0,RAW_INGREDIENT_GRAM_PER_SERVING,PROJECT_ASSUMPTION,PROJECT_PORTION_ASSUMPTIONS,VERIFIED,0.95,Cooking oil
Chapati,"Wheat flour, atta",30.0,RAW_INGREDIENT_GRAM_PER_SERVING,PROJECT_ASSUMPTION,PROJECT_PORTION_ASSUMPTIONS,VERIFIED,1.0,Single chapati standard raw flour weight
Chicken Curry,"Chicken meat, breast",80.0,RAW_INGREDIENT_GRAM_PER_SERVING,PROJECT_ASSUMPTION,PROJECT_PORTION_ASSUMPTIONS,VERIFIED,1.0,Skinless chicken meat portion
Chicken Curry,Tomato,25.0,RAW_INGREDIENT_GRAM_PER_SERVING,PROJECT_ASSUMPTION,PROJECT_PORTION_ASSUMPTIONS,VERIFIED,0.95,Tomato gravy base
Chicken Curry,Onion,20.0,RAW_INGREDIENT_GRAM_PER_SERVING,PROJECT_ASSUMPTION,PROJECT_PORTION_ASSUMPTIONS,VERIFIED,0.95,Onion gravy base
Chicken Curry,Vegetable oil,5.0,RAW_INGREDIENT_GRAM_PER_SERVING,PROJECT_ASSUMPTION,PROJECT_PORTION_ASSUMPTIONS,VERIFIED,0.95,Cooking oil
Chicken Curry,Ginger,3.0,RAW_INGREDIENT_GRAM_PER_SERVING,PROJECT_ASSUMPTION,PROJECT_PORTION_ASSUMPTIONS,VERIFIED,1.0,Fresh ginger paste
Chicken Curry,Garlic,3.0,RAW_INGREDIENT_GRAM_PER_SERVING,PROJECT_ASSUMPTION,PROJECT_PORTION_ASSUMPTIONS,VERIFIED,0.95,Fresh garlic paste
Chicken Kolhapuri,"Chicken meat, breast",80.0,RAW_INGREDIENT_GRAM_PER_SERVING,PROJECT_ASSUMPTION,PROJECT_PORTION_ASSUMPTIONS,VERIFIED,1.0,Skinless chicken meat portion
Chicken Kolhapuri,Tomato,25.0,RAW_INGREDIENT_GRAM_PER_SERVING,PROJECT_ASSUMPTION,PROJECT_PORTION_ASSUMPTIONS,VERIFIED,0.95,Spicy Kolhapuri gravy
Chicken Kolhapuri,Onion,20.0,RAW_INGREDIENT_GRAM_PER_SERVING,PROJECT_ASSUMPTION,PROJECT_PORTION_ASSUMPTIONS,VERIFIED,0.95,Onion gravy base
Chicken Kolhapuri,"Coconut, dry",6.0,RAW_INGREDIENT_GRAM_PER_SERVING,PROJECT_ASSUMPTION,PROJECT_PORTION_ASSUMPTIONS,VERIFIED,1.0,Roasted desiccated coconut
Chicken Kolhapuri,Vegetable oil,5.0,RAW_INGREDIENT_GRAM_PER_SERVING,PROJECT_ASSUMPTION,PROJECT_PORTION_ASSUMPTIONS,VERIFIED,0.95,Cooking oil
Chicken Kolhapuri,Ginger,3.0,RAW_INGREDIENT_GRAM_PER_SERVING,PROJECT_ASSUMPTION,PROJECT_PORTION_ASSUMPTIONS,VERIFIED,1.0,Fresh ginger paste
Chicken Kolhapuri,Garlic,3.0,RAW_INGREDIENT_GRAM_PER_SERVING,PROJECT_ASSUMPTION,PROJECT_PORTION_ASSUMPTIONS,VERIFIED,0.95,Fresh garlic paste
Chips,Commercial chips,25.0,RAW_INGREDIENT_GRAM_PER_SERVING,PROJECT_ASSUMPTION,PROJECT_PORTION_ASSUMPTIONS,UNMAPPED,0.0,Packaged potato chips portion
Chocolate,Commercial chocolate,20.0,RAW_INGREDIENT_GRAM_PER_SERVING,PROJECT_ASSUMPTION,PROJECT_PORTION_ASSUMPTIONS,UNMAPPED,0.0,Commercial chocolate candy portion
Chocolate Pie,Commercial chocolate,40.0,RAW_INGREDIENT_GRAM_PER_SERVING,PROJECT_ASSUMPTION,PROJECT_PORTION_ASSUMPTIONS,UNMAPPED,0.0,Commercial bakery chocolate pie portion
Chole Bhature,"Wheat flour, refined",40.0,RAW_INGREDIENT_GRAM_PER_SERVING,PROJECT_ASSUMPTION,PROJECT_PORTION_ASSUMPTIONS,VERIFIED,1.0,Refined flour for bhature
Chole Bhature,Vegetable oil,10.0,RAW_INGREDIENT_GRAM_PER_SERVING,PROJECT_ASSUMPTION,PROJECT_PORTION_ASSUMPTIONS,VERIFIED,0.95,Deep frying oil uptake for bhatura
Chole Bhature,Kabuli chana,30.0,RAW_INGREDIENT_GRAM_PER_SERVING,PROJECT_ASSUMPTION,PROJECT_PORTION_ASSUMPTIONS,APPROXIMATE,0.85,Raw chickpea issuance
Chole Bhature,Onion,10.0,RAW_INGREDIENT_GRAM_PER_SERVING,PROJECT_ASSUMPTION,PROJECT_PORTION_ASSUMPTIONS,VERIFIED,0.95,Gravy onion
Chole Bhature,Tomato,10.0,RAW_INGREDIENT_GRAM_PER_SERVING,PROJECT_ASSUMPTION,PROJECT_PORTION_ASSUMPTIONS,VERIFIED,0.95,Gravy tomato
Chole Bhature,Vegetable oil,5.0,RAW_INGREDIENT_GRAM_PER_SERVING,PROJECT_ASSUMPTION,PROJECT_PORTION_ASSUMPTIONS,VERIFIED,0.95,Chole gravy cooking oil
Chutney,Coriander leaves,15.0,RAW_INGREDIENT_GRAM_PER_SERVING,PROJECT_ASSUMPTION,PROJECT_PORTION_ASSUMPTIONS,VERIFIED,1.0,Fresh coriander leaves
Chutney,Mint leaves,10.0,RAW_INGREDIENT_GRAM_PER_SERVING,PROJECT_ASSUMPTION,PROJECT_PORTION_ASSUMPTIONS,VERIFIED,1.0,Fresh mint leaves
Chutney,Green chilli,3.0,RAW_INGREDIENT_GRAM_PER_SERVING,PROJECT_ASSUMPTION,PROJECT_PORTION_ASSUMPTIONS,VERIFIED,0.95,Spicy green chilli
Chutney,Lemon,2.0,RAW_INGREDIENT_GRAM_PER_SERVING,PROJECT_ASSUMPTION,PROJECT_PORTION_ASSUMPTIONS,VERIFIED,1.0,Lemon juice
Coconut Laddu,"Coconut, dry",30.0,RAW_INGREDIENT_GRAM_PER_SERVING,PROJECT_ASSUMPTION,PROJECT_PORTION_ASSUMPTIONS,VERIFIED,1.0,Desiccated coconut
Coconut Laddu,Condensed milk,25.0,RAW_INGREDIENT_GRAM_PER_SERVING,PROJECT_ASSUMPTION,PROJECT_PORTION_ASSUMPTIONS,VERIFIED,0.95,Condensed milk binder
Coconut Laddu,"Sugar, refined",5.0,RAW_INGREDIENT_GRAM_PER_SERVING,PROJECT_ASSUMPTION,PROJECT_PORTION_ASSUMPTIONS,VERIFIED,0.95,Refined sugar
Coffee,"Milk, whole, cow",80.0,RAW_INGREDIENT_GRAM_PER_SERVING,PROJECT_ASSUMPTION,PROJECT_PORTION_ASSUMPTIONS,VERIFIED,1.0,Milk component in coffee cup
Coffee,"Sugar, refined",8.0,RAW_INGREDIENT_GRAM_PER_SERVING,PROJECT_ASSUMPTION,PROJECT_PORTION_ASSUMPTIONS,VERIFIED,0.95,Refined sweetening sugar
Coffee,Coffee powder,2.0,RAW_INGREDIENT_GRAM_PER_SERVING,PROJECT_ASSUMPTION,PROJECT_PORTION_ASSUMPTIONS,APPROXIMATE,0.9,Brewed coffee grounds
Corn Peas Masala,Sweet corn,35.0,RAW_INGREDIENT_GRAM_PER_SERVING,PROJECT_ASSUMPTION,PROJECT_PORTION_ASSUMPTIONS,VERIFIED,1.0,Sweet corn kernels
Corn Peas Masala,Green peas,35.0,RAW_INGREDIENT_GRAM_PER_SERVING,PROJECT_ASSUMPTION,PROJECT_PORTION_ASSUMPTIONS,VERIFIED,1.0,Green peas
Corn Peas Masala,Tomato,15.0,RAW_INGREDIENT_GRAM_PER_SERVING,PROJECT_ASSUMPTION,PROJECT_PORTION_ASSUMPTIONS,VERIFIED,0.95,Tomato gravy
Corn Peas Masala,Onion,10.0,RAW_INGREDIENT_GRAM_PER_SERVING,PROJECT_ASSUMPTION,PROJECT_PORTION_ASSUMPTIONS,VERIFIED,0.95,Onion gravy
Corn Peas Masala,Vegetable oil,5.0,RAW_INGREDIENT_GRAM_PER_SERVING,PROJECT_ASSUMPTION,PROJECT_PORTION_ASSUMPTIONS,VERIFIED,0.95,Cooking oil
Cornflakes,Commercial cornflakes,30.0,RAW_INGREDIENT_GRAM_PER_SERVING,PROJECT_ASSUMPTION,PROJECT_PORTION_ASSUMPTIONS,UNMAPPED,0.0,Breakfast cereal flakes single serving
Cream Roll,Commercial cream roll,35.0,RAW_INGREDIENT_GRAM_PER_SERVING,PROJECT_ASSUMPTION,PROJECT_PORTION_ASSUMPTIONS,UNMAPPED,0.0,Single commercial bakery cream roll
Crispy Dal Kachori,"Wheat flour, refined",35.0,RAW_INGREDIENT_GRAM_PER_SERVING,PROJECT_ASSUMPTION,PROJECT_PORTION_ASSUMPTIONS,VERIFIED,1.0,Kachori crust
Crispy Dal Kachori,"Green gram, dal",20.0,RAW_INGREDIENT_GRAM_PER_SERVING,PROJECT_ASSUMPTION,PROJECT_PORTION_ASSUMPTIONS,VERIFIED,1.0,Moong dal filling
Crispy Dal Kachori,Vegetable oil,10.0,RAW_INGREDIENT_GRAM_PER_SERVING,PROJECT_ASSUMPTION,PROJECT_PORTION_ASSUMPTIONS,VERIFIED,0.95,Deep frying oil uptake
Cucumber Salad,Cucumber,60.0,RAW_INGREDIENT_GRAM_PER_SERVING,PROJECT_ASSUMPTION,PROJECT_PORTION_ASSUMPTIONS,VERIFIED,1.0,Fresh sliced cucumber
Cucumber Salad,Lemon,5.0,RAW_INGREDIENT_GRAM_PER_SERVING,PROJECT_ASSUMPTION,PROJECT_PORTION_ASSUMPTIONS,VERIFIED,1.0,Lemon juice dressing
Custard,"Milk, whole, cow",80.0,RAW_INGREDIENT_GRAM_PER_SERVING,PROJECT_ASSUMPTION,PROJECT_PORTION_ASSUMPTIONS,VERIFIED,1.0,Whole milk base
Custard,"Sugar, refined",12.0,RAW_INGREDIENT_GRAM_PER_SERVING,PROJECT_ASSUMPTION,PROJECT_PORTION_ASSUMPTIONS,VERIFIED,0.95,Refined sugar
Custard,Sweet corn,10.0,RAW_INGREDIENT_GRAM_PER_SERVING,PROJECT_ASSUMPTION,PROJECT_PORTION_ASSUMPTIONS,VERIFIED,1.0,Cornstarch base proxy
Dahi Aloo,Potato,60.0,RAW_INGREDIENT_GRAM_PER_SERVING,PROJECT_ASSUMPTION,PROJECT_PORTION_ASSUMPTIONS,VERIFIED,0.95,Boiled potato
Dahi Aloo,Curd / Dahi,30.0,RAW_INGREDIENT_GRAM_PER_SERVING,PROJECT_ASSUMPTION,PROJECT_PORTION_ASSUMPTIONS,APPROXIMATE,0.9,Curd gravy
Dahi Aloo,Vegetable oil,5.0,RAW_INGREDIENT_GRAM_PER_SERVING,PROJECT_ASSUMPTION,PROJECT_PORTION_ASSUMPTIONS,VERIFIED,0.95,Cooking oil
Dahi Aloo,Cumin seeds,2.0,RAW_INGREDIENT_GRAM_PER_SERVING,PROJECT_ASSUMPTION,PROJECT_PORTION_ASSUMPTIONS,VERIFIED,1.0,Tempering cumin
Dal Makhani,"Black gram, whole",25.0,RAW_INGREDIENT_GRAM_PER_SERVING,PROJECT_ASSUMPTION,PROJECT_PORTION_ASSUMPTIONS,VERIFIED,1.0,Raw sabut urad issuance
Dal Makhani,Kidney beans,5.0,RAW_INGREDIENT_GRAM_PER_SERVING,PROJECT_ASSUMPTION,PROJECT_PORTION_ASSUMPTIONS,VERIFIED,0.95,Raw rajma component
Dal Makhani,Tomato,15.0,RAW_INGREDIENT_GRAM_PER_SERVING,PROJECT_ASSUMPTION,PROJECT_PORTION_ASSUMPTIONS,VERIFIED,0.95,Tomato puree base
Dal Makhani,Onion,10.0,RAW_INGREDIENT_GRAM_PER_SERVING,PROJECT_ASSUMPTION,PROJECT_PORTION_ASSUMPTIONS,VERIFIED,0.95,Onion gravy base
Dal Makhani,Butter,5.0,RAW_INGREDIENT_GRAM_PER_SERVING,PROJECT_ASSUMPTION,PROJECT_PORTION_ASSUMPTIONS,VERIFIED,0.95,Butter enrichment
Dal Makhani,"Milk, whole, cow",10.0,RAW_INGREDIENT_GRAM_PER_SERVING,PROJECT_ASSUMPTION,PROJECT_PORTION_ASSUMPTIONS,VERIFIED,1.0,Milk/cream enrichment
Dal Makhani,Vegetable oil,5.0,RAW_INGREDIENT_GRAM_PER_SERVING,PROJECT_ASSUMPTION,PROJECT_PORTION_ASSUMPTIONS,VERIFIED,0.95,Cooking oil
Dal Maratha,"Red gram, dal",30.0,RAW_INGREDIENT_GRAM_PER_SERVING,PROJECT_ASSUMPTION,PROJECT_PORTION_ASSUMPTIONS,VERIFIED,1.0,Raw toor dal issuance
Dal Maratha,Tomato,10.0,RAW_INGREDIENT_GRAM_PER_SERVING,PROJECT_ASSUMPTION,PROJECT_PORTION_ASSUMPTIONS,VERIFIED,0.95,Tomato base
Dal Maratha,Onion,10.0,RAW_INGREDIENT_GRAM_PER_SERVING,PROJECT_ASSUMPTION,PROJECT_PORTION_ASSUMPTIONS,VERIFIED,0.95,Onion base
Dal Maratha,"Coconut, dry",5.0,RAW_INGREDIENT_GRAM_PER_SERVING,PROJECT_ASSUMPTION,PROJECT_PORTION_ASSUMPTIONS,VERIFIED,1.0,Roasted desiccated coconut
Dal Maratha,Vegetable oil,5.0,RAW_INGREDIENT_GRAM_PER_SERVING,PROJECT_ASSUMPTION,PROJECT_PORTION_ASSUMPTIONS,VERIFIED,0.95,Cooking oil
Dal Maratha,Garlic,2.0,RAW_INGREDIENT_GRAM_PER_SERVING,PROJECT_ASSUMPTION,PROJECT_PORTION_ASSUMPTIONS,VERIFIED,0.95,Garlic cloves
Dal Palak,"Red gram, dal",25.0,RAW_INGREDIENT_GRAM_PER_SERVING,PROJECT_ASSUMPTION,PROJECT_PORTION_ASSUMPTIONS,VERIFIED,1.0,Raw toor dal issuance
Dal Palak,Spinach,25.0,RAW_INGREDIENT_GRAM_PER_SERVING,PROJECT_ASSUMPTION,PROJECT_PORTION_ASSUMPTIONS,VERIFIED,1.0,Fresh chopped palak
Dal Palak,Tomato,10.0,RAW_INGREDIENT_GRAM_PER_SERVING,PROJECT_ASSUMPTION,PROJECT_PORTION_ASSUMPTIONS,VERIFIED,0.95,Tomato base
Dal Palak,Onion,10.0,RAW_INGREDIENT_GRAM_PER_SERVING,PROJECT_ASSUMPTION,PROJECT_PORTION_ASSUMPTIONS,VERIFIED,0.95,Onion base
Dal Palak,Vegetable oil,5.0,RAW_INGREDIENT_GRAM_PER_SERVING,PROJECT_ASSUMPTION,PROJECT_PORTION_ASSUMPTIONS,VERIFIED,0.95,Cooking oil
Danish Bun,Commercial bun,45.0,RAW_INGREDIENT_GRAM_PER_SERVING,PROJECT_ASSUMPTION,PROJECT_PORTION_ASSUMPTIONS,VERIFIED,0.9,Commercial bakery sweet bun
Dhaba Dal,"Red gram, dal",10.0,RAW_INGREDIENT_GRAM_PER_SERVING,PROJECT_ASSUMPTION,PROJECT_PORTION_ASSUMPTIONS,VERIFIED,1.0,Toor dal component
Dhaba Dal,"Bengal gram, dal",10.0,RAW_INGREDIENT_GRAM_PER_SERVING,PROJECT_ASSUMPTION,PROJECT_PORTION_ASSUMPTIONS,VERIFIED,1.0,Chana dal component
Dhaba Dal,"Green gram, dal",10.0,RAW_INGREDIENT_GRAM_PER_SERVING,PROJECT_ASSUMPTION,PROJECT_PORTION_ASSUMPTIONS,VERIFIED,1.0,Moong dal component
Dhaba Dal,Tomato,10.0,RAW_INGREDIENT_GRAM_PER_SERVING,PROJECT_ASSUMPTION,PROJECT_PORTION_ASSUMPTIONS,VERIFIED,0.95,Tomato base
Dhaba Dal,Onion,10.0,RAW_INGREDIENT_GRAM_PER_SERVING,PROJECT_ASSUMPTION,PROJECT_PORTION_ASSUMPTIONS,VERIFIED,0.95,Onion base
Dhaba Dal,Ghee,5.0,RAW_INGREDIENT_GRAM_PER_SERVING,PROJECT_ASSUMPTION,PROJECT_PORTION_ASSUMPTIONS,VERIFIED,1.0,Tadka ghee
Dhaba Dal,Garlic,2.0,RAW_INGREDIENT_GRAM_PER_SERVING,PROJECT_ASSUMPTION,PROJECT_PORTION_ASSUMPTIONS,VERIFIED,0.95,Garlic cloves
Dum Aloo,Potato,60.0,RAW_INGREDIENT_GRAM_PER_SERVING,PROJECT_ASSUMPTION,PROJECT_PORTION_ASSUMPTIONS,VERIFIED,0.95,Baby/cut potato
Dum Aloo,Tomato,20.0,RAW_INGREDIENT_GRAM_PER_SERVING,PROJECT_ASSUMPTION,PROJECT_PORTION_ASSUMPTIONS,VERIFIED,0.95,Tomato gravy
Dum Aloo,Onion,15.0,RAW_INGREDIENT_GRAM_PER_SERVING,PROJECT_ASSUMPTION,PROJECT_PORTION_ASSUMPTIONS,VERIFIED,0.95,Onion base
Dum Aloo,Curd / Dahi,10.0,RAW_INGREDIENT_GRAM_PER_SERVING,PROJECT_ASSUMPTION,PROJECT_PORTION_ASSUMPTIONS,APPROXIMATE,0.9,Curd gravy base
Dum Aloo,Vegetable oil,5.0,RAW_INGREDIENT_GRAM_PER_SERVING,PROJECT_ASSUMPTION,PROJECT_PORTION_ASSUMPTIONS,VERIFIED,0.95,Cooking oil
Egg Bhurji,"Egg, whole",50.0,RAW_INGREDIENT_GRAM_PER_SERVING,PROJECT_ASSUMPTION,PROJECT_PORTION_ASSUMPTIONS,VERIFIED,1.0,Single whole scrambled egg
Egg Bhurji,Onion,20.0,RAW_INGREDIENT_GRAM_PER_SERVING,PROJECT_ASSUMPTION,PROJECT_PORTION_ASSUMPTIONS,VERIFIED,0.95,Finely chopped onion
Egg Bhurji,Tomato,15.0,RAW_INGREDIENT_GRAM_PER_SERVING,PROJECT_ASSUMPTION,PROJECT_PORTION_ASSUMPTIONS,VERIFIED,0.95,Finely chopped tomato
Egg Bhurji,Vegetable oil,5.0,RAW_INGREDIENT_GRAM_PER_SERVING,PROJECT_ASSUMPTION,PROJECT_PORTION_ASSUMPTIONS,VERIFIED,0.95,Cooking oil
Egg Bhurji,Green chilli,2.0,RAW_INGREDIENT_GRAM_PER_SERVING,PROJECT_ASSUMPTION,PROJECT_PORTION_ASSUMPTIONS,VERIFIED,0.95,Green chilli
Egg Curry,"Egg, whole",50.0,RAW_INGREDIENT_GRAM_PER_SERVING,PROJECT_ASSUMPTION,PROJECT_PORTION_ASSUMPTIONS,VERIFIED,1.0,Single whole egg
Egg Curry,Tomato,20.0,RAW_INGREDIENT_GRAM_PER_SERVING,PROJECT_ASSUMPTION,PROJECT_PORTION_ASSUMPTIONS,VERIFIED,0.95,Tomato curry base
Egg Curry,Onion,15.0,RAW_INGREDIENT_GRAM_PER_SERVING,PROJECT_ASSUMPTION,PROJECT_PORTION_ASSUMPTIONS,VERIFIED,0.95,Onion gravy base
Egg Curry,Vegetable oil,5.0,RAW_INGREDIENT_GRAM_PER_SERVING,PROJECT_ASSUMPTION,PROJECT_PORTION_ASSUMPTIONS,VERIFIED,0.95,Cooking oil
Egg Curry,Ginger,2.0,RAW_INGREDIENT_GRAM_PER_SERVING,PROJECT_ASSUMPTION,PROJECT_PORTION_ASSUMPTIONS,VERIFIED,1.0,Ginger
Egg Curry,Garlic,2.0,RAW_INGREDIENT_GRAM_PER_SERVING,PROJECT_ASSUMPTION,PROJECT_PORTION_ASSUMPTIONS,VERIFIED,0.95,Garlic
Fat Spread,Commercial fat spread,10.0,RAW_INGREDIENT_GRAM_PER_SERVING,PROJECT_ASSUMPTION,PROJECT_PORTION_ASSUMPTIONS,UNMAPPED,0.0,Commercial table fat spread portion
Fryums,Commercial fryums,25.0,RAW_INGREDIENT_GRAM_PER_SERVING,PROJECT_ASSUMPTION,PROJECT_PORTION_ASSUMPTIONS,UNMAPPED,0.0,Fried extruded snack portion
Ghiya Masala,Bottle gourd,75.0,RAW_INGREDIENT_GRAM_PER_SERVING,PROJECT_ASSUMPTION,PROJECT_PORTION_ASSUMPTIONS,VERIFIED,1.0,Diced bottle gourd / lauki
Ghiya Masala,Tomato,15.0,RAW_INGREDIENT_GRAM_PER_SERVING,PROJECT_ASSUMPTION,PROJECT_PORTION_ASSUMPTIONS,VERIFIED,0.95,Tomato base
Ghiya Masala,Onion,10.0,RAW_INGREDIENT_GRAM_PER_SERVING,PROJECT_ASSUMPTION,PROJECT_PORTION_ASSUMPTIONS,VERIFIED,0.95,Onion base
Ghiya Masala,Vegetable oil,5.0,RAW_INGREDIENT_GRAM_PER_SERVING,PROJECT_ASSUMPTION,PROJECT_PORTION_ASSUMPTIONS,VERIFIED,0.95,Cooking oil
Gobhi Adraki,Cauliflower,65.0,RAW_INGREDIENT_GRAM_PER_SERVING,PROJECT_ASSUMPTION,PROJECT_PORTION_ASSUMPTIONS,VERIFIED,1.0,Cauliflower florets
Gobhi Adraki,Tomato,15.0,RAW_INGREDIENT_GRAM_PER_SERVING,PROJECT_ASSUMPTION,PROJECT_PORTION_ASSUMPTIONS,VERIFIED,0.95,Tomato base
Gobhi Adraki,Onion,10.0,RAW_INGREDIENT_GRAM_PER_SERVING,PROJECT_ASSUMPTION,PROJECT_PORTION_ASSUMPTIONS,VERIFIED,0.95,Onion base
Gobhi Adraki,Ginger,5.0,RAW_INGREDIENT_GRAM_PER_SERVING,PROJECT_ASSUMPTION,PROJECT_PORTION_ASSUMPTIONS,VERIFIED,1.0,Julienned ginger
Gobhi Adraki,Vegetable oil,5.0,RAW_INGREDIENT_GRAM_PER_SERVING,PROJECT_ASSUMPTION,PROJECT_PORTION_ASSUMPTIONS,VERIFIED,0.95,Cooking oil
Gobhi Matar,Cauliflower,45.0,RAW_INGREDIENT_GRAM_PER_SERVING,PROJECT_ASSUMPTION,PROJECT_PORTION_ASSUMPTIONS,VERIFIED,1.0,Cauliflower florets
Gobhi Matar,Green peas,25.0,RAW_INGREDIENT_GRAM_PER_SERVING,PROJECT_ASSUMPTION,PROJECT_PORTION_ASSUMPTIONS,VERIFIED,1.0,Fresh green peas
Gobhi Matar,Tomato,15.0,RAW_INGREDIENT_GRAM_PER_SERVING,PROJECT_ASSUMPTION,PROJECT_PORTION_ASSUMPTIONS,VERIFIED,0.95,Tomato base
Gobhi Matar,Onion,10.0,RAW_INGREDIENT_GRAM_PER_SERVING,PROJECT_ASSUMPTION,PROJECT_PORTION_ASSUMPTIONS,VERIFIED,0.95,Onion base
Gobhi Matar,Vegetable oil,5.0,RAW_INGREDIENT_GRAM_PER_SERVING,PROJECT_ASSUMPTION,PROJECT_PORTION_ASSUMPTIONS,VERIFIED,0.95,Cooking oil
Green Chilli,Green chilli,5.0,RAW_INGREDIENT_GRAM_PER_SERVING,PROJECT_ASSUMPTION,PROJECT_PORTION_ASSUMPTIONS,VERIFIED,0.95,Fresh green chilli garnish
Green Peas Masala,Green peas,60.0,RAW_INGREDIENT_GRAM_PER_SERVING,PROJECT_ASSUMPTION,PROJECT_PORTION_ASSUMPTIONS,VERIFIED,1.0,Fresh green peas
Green Peas Masala,Tomato,15.0,RAW_INGREDIENT_GRAM_PER_SERVING,PROJECT_ASSUMPTION,PROJECT_PORTION_ASSUMPTIONS,VERIFIED,0.95,Tomato gravy
Green Peas Masala,Onion,15.0,RAW_INGREDIENT_GRAM_PER_SERVING,PROJECT_ASSUMPTION,PROJECT_PORTION_ASSUMPTIONS,VERIFIED,0.95,Onion gravy
Green Peas Masala,Vegetable oil,5.0,RAW_INGREDIENT_GRAM_PER_SERVING,PROJECT_ASSUMPTION,PROJECT_PORTION_ASSUMPTIONS,VERIFIED,0.95,Cooking oil
Green Salad,Cucumber,25.0,RAW_INGREDIENT_GRAM_PER_SERVING,PROJECT_ASSUMPTION,PROJECT_PORTION_ASSUMPTIONS,VERIFIED,1.0,Fresh sliced cucumber
Green Salad,Tomato,25.0,RAW_INGREDIENT_GRAM_PER_SERVING,PROJECT_ASSUMPTION,PROJECT_PORTION_ASSUMPTIONS,VERIFIED,0.95,Fresh sliced tomato
Green Salad,Onion,20.0,RAW_INGREDIENT_GRAM_PER_SERVING,PROJECT_ASSUMPTION,PROJECT_PORTION_ASSUMPTIONS,VERIFIED,0.95,Fresh sliced onion
Green Salad,Lemon,5.0,RAW_INGREDIENT_GRAM_PER_SERVING,PROJECT_ASSUMPTION,PROJECT_PORTION_ASSUMPTIONS,VERIFIED,1.0,Lemon juice dressing
Gulab Jamun,Khoa,30.0,RAW_INGREDIENT_GRAM_PER_SERVING,PROJECT_ASSUMPTION,PROJECT_PORTION_ASSUMPTIONS,VERIFIED,1.0,Mawa / khoa base
Gulab Jamun,"Wheat flour, refined",10.0,RAW_INGREDIENT_GRAM_PER_SERVING,PROJECT_ASSUMPTION,PROJECT_PORTION_ASSUMPTIONS,VERIFIED,1.0,Maida binder
Gulab Jamun,"Sugar, refined",15.0,RAW_INGREDIENT_GRAM_PER_SERVING,PROJECT_ASSUMPTION,PROJECT_PORTION_ASSUMPTIONS,VERIFIED,0.95,Sugar syrup uptake
Gulab Jamun,Ghee,5.0,RAW_INGREDIENT_GRAM_PER_SERVING,PROJECT_ASSUMPTION,PROJECT_PORTION_ASSUMPTIONS,VERIFIED,1.0,Frying ghee uptake
Halwa,"Wheat, semolina",25.0,RAW_INGREDIENT_GRAM_PER_SERVING,PROJECT_ASSUMPTION,PROJECT_PORTION_ASSUMPTIONS,VERIFIED,1.0,Suji / semolina
Halwa,Ghee,15.0,RAW_INGREDIENT_GRAM_PER_SERVING,PROJECT_ASSUMPTION,PROJECT_PORTION_ASSUMPTIONS,VERIFIED,1.0,Ghee
Halwa,"Sugar, refined",15.0,RAW_INGREDIENT_GRAM_PER_SERVING,PROJECT_ASSUMPTION,PROJECT_PORTION_ASSUMPTIONS,VERIFIED,0.95,Refined sugar
Jam,Commercial jam,15.0,RAW_INGREDIENT_GRAM_PER_SERVING,PROJECT_ASSUMPTION,PROJECT_PORTION_ASSUMPTIONS,UNMAPPED,0.0,Single commercial fruit jam portion
Jeera Aloo,Potato,70.0,RAW_INGREDIENT_GRAM_PER_SERVING,PROJECT_ASSUMPTION,PROJECT_PORTION_ASSUMPTIONS,VERIFIED,0.95,Diced potato
Jeera Aloo,Vegetable oil,5.0,RAW_INGREDIENT_GRAM_PER_SERVING,PROJECT_ASSUMPTION,PROJECT_PORTION_ASSUMPTIONS,VERIFIED,0.95,Cooking oil
Jeera Aloo,Cumin seeds,2.0,RAW_INGREDIENT_GRAM_PER_SERVING,PROJECT_ASSUMPTION,PROJECT_PORTION_ASSUMPTIONS,VERIFIED,1.0,Cumin tempering
Jeera Raita,Curd / Dahi,95.0,RAW_INGREDIENT_GRAM_PER_SERVING,PROJECT_ASSUMPTION,PROJECT_PORTION_ASSUMPTIONS,APPROXIMATE,0.9,Curd base
Jeera Raita,Cumin seeds,2.0,RAW_INGREDIENT_GRAM_PER_SERVING,PROJECT_ASSUMPTION,PROJECT_PORTION_ASSUMPTIONS,VERIFIED,1.0,Roasted cumin powder
Jeera Rice,"Rice, raw/parboiled",50.0,RAW_INGREDIENT_GRAM_PER_SERVING,PROJECT_ASSUMPTION,PROJECT_PORTION_ASSUMPTIONS,VERIFIED,1.0,Standard single serving raw rice grain
Jeera Rice,Ghee,3.0,RAW_INGREDIENT_GRAM_PER_SERVING,PROJECT_ASSUMPTION,PROJECT_PORTION_ASSUMPTIONS,VERIFIED,1.0,Tempering fat
Jeera Rice,Cumin seeds,1.0,RAW_INGREDIENT_GRAM_PER_SERVING,PROJECT_ASSUMPTION,PROJECT_PORTION_ASSUMPTIONS,VERIFIED,1.0,Cumin tempering
Jhal Muri,"Rice, puffed",25.0,RAW_INGREDIENT_GRAM_PER_SERVING,PROJECT_ASSUMPTION,PROJECT_PORTION_ASSUMPTIONS,VERIFIED,1.0,Puffed rice base
Jhal Muri,Groundnut / Peanut,10.0,RAW_INGREDIENT_GRAM_PER_SERVING,PROJECT_ASSUMPTION,PROJECT_PORTION_ASSUMPTIONS,VERIFIED,1.0,Roasted peanuts
Jhal Muri,Onion,10.0,RAW_INGREDIENT_GRAM_PER_SERVING,PROJECT_ASSUMPTION,PROJECT_PORTION_ASSUMPTIONS,VERIFIED,0.95,Finely chopped onion
Jhal Muri,Tomato,10.0,RAW_INGREDIENT_GRAM_PER_SERVING,PROJECT_ASSUMPTION,PROJECT_PORTION_ASSUMPTIONS,VERIFIED,0.95,Finely chopped tomato
Jhal Muri,Vegetable oil,4.0,RAW_INGREDIENT_GRAM_PER_SERVING,PROJECT_ASSUMPTION,PROJECT_PORTION_ASSUMPTIONS,VERIFIED,0.95,Mustard oil dressing
Jhal Muri,Green chilli,2.0,RAW_INGREDIENT_GRAM_PER_SERVING,PROJECT_ASSUMPTION,PROJECT_PORTION_ASSUMPTIONS,VERIFIED,0.95,Chopped green chilli
Kachumber Salad,Cucumber,25.0,RAW_INGREDIENT_GRAM_PER_SERVING,PROJECT_ASSUMPTION,PROJECT_PORTION_ASSUMPTIONS,VERIFIED,1.0,Diced cucumber
Kachumber Salad,Tomato,25.0,RAW_INGREDIENT_GRAM_PER_SERVING,PROJECT_ASSUMPTION,PROJECT_PORTION_ASSUMPTIONS,VERIFIED,0.95,Diced tomato
Kachumber Salad,Onion,20.0,RAW_INGREDIENT_GRAM_PER_SERVING,PROJECT_ASSUMPTION,PROJECT_PORTION_ASSUMPTIONS,VERIFIED,0.95,Diced onion
Kachumber Salad,Lemon,5.0,RAW_INGREDIENT_GRAM_PER_SERVING,PROJECT_ASSUMPTION,PROJECT_PORTION_ASSUMPTIONS,VERIFIED,1.0,Lemon juice dressing
Kadhai Paneer,Paneer,40.0,RAW_INGREDIENT_GRAM_PER_SERVING,PROJECT_ASSUMPTION,PROJECT_PORTION_ASSUMPTIONS,VERIFIED,1.0,Fresh paneer cubes
Kadhai Paneer,"Capsicum, green",25.0,RAW_INGREDIENT_GRAM_PER_SERVING,PROJECT_ASSUMPTION,PROJECT_PORTION_ASSUMPTIONS,VERIFIED,1.0,Bell pepper chunks
Kadhai Paneer,Tomato,20.0,RAW_INGREDIENT_GRAM_PER_SERVING,PROJECT_ASSUMPTION,PROJECT_PORTION_ASSUMPTIONS,VERIFIED,0.95,Tomato gravy
Kadhai Paneer,Onion,15.0,RAW_INGREDIENT_GRAM_PER_SERVING,PROJECT_ASSUMPTION,PROJECT_PORTION_ASSUMPTIONS,VERIFIED,0.95,Onion chunks
Kadhai Paneer,Vegetable oil,5.0,RAW_INGREDIENT_GRAM_PER_SERVING,PROJECT_ASSUMPTION,PROJECT_PORTION_ASSUMPTIONS,VERIFIED,0.95,Cooking oil
Kadhai Veg,"Capsicum, green",20.0,RAW_INGREDIENT_GRAM_PER_SERVING,PROJECT_ASSUMPTION,PROJECT_PORTION_ASSUMPTIONS,VERIFIED,1.0,Bell pepper chunks
Kadhai Veg,Cauliflower,20.0,RAW_INGREDIENT_GRAM_PER_SERVING,PROJECT_ASSUMPTION,PROJECT_PORTION_ASSUMPTIONS,VERIFIED,1.0,Cauliflower florets
Kadhai Veg,Carrot,15.0,RAW_INGREDIENT_GRAM_PER_SERVING,PROJECT_ASSUMPTION,PROJECT_PORTION_ASSUMPTIONS,VERIFIED,1.0,Carrot
Kadhai Veg,Green peas,15.0,RAW_INGREDIENT_GRAM_PER_SERVING,PROJECT_ASSUMPTION,PROJECT_PORTION_ASSUMPTIONS,VERIFIED,1.0,Green peas
Kadhai Veg,Tomato,15.0,RAW_INGREDIENT_GRAM_PER_SERVING,PROJECT_ASSUMPTION,PROJECT_PORTION_ASSUMPTIONS,VERIFIED,0.95,Tomato base
Kadhai Veg,Onion,10.0,RAW_INGREDIENT_GRAM_PER_SERVING,PROJECT_ASSUMPTION,PROJECT_PORTION_ASSUMPTIONS,VERIFIED,0.95,Onion chunks
Kadhai Veg,Vegetable oil,5.0,RAW_INGREDIENT_GRAM_PER_SERVING,PROJECT_ASSUMPTION,PROJECT_PORTION_ASSUMPTIONS,VERIFIED,0.95,Cooking oil
Kadhi Pakora,"Bengal gram, flour",25.0,RAW_INGREDIENT_GRAM_PER_SERVING,PROJECT_ASSUMPTION,PROJECT_PORTION_ASSUMPTIONS,VERIFIED,0.95,Besan for kadhi and pakora
Kadhi Pakora,Curd / Dahi,30.0,RAW_INGREDIENT_GRAM_PER_SERVING,PROJECT_ASSUMPTION,PROJECT_PORTION_ASSUMPTIONS,APPROXIMATE,0.9,Sour curd for kadhi
Kadhi Pakora,Onion,15.0,RAW_INGREDIENT_GRAM_PER_SERVING,PROJECT_ASSUMPTION,PROJECT_PORTION_ASSUMPTIONS,VERIFIED,0.95,Pakora onion
Kadhi Pakora,Vegetable oil,8.0,RAW_INGREDIENT_GRAM_PER_SERVING,PROJECT_ASSUMPTION,PROJECT_PORTION_ASSUMPTIONS,VERIFIED,0.95,Frying and cooking oil
Kesari Kheer,"Rice, raw/parboiled",20.0,RAW_INGREDIENT_GRAM_PER_SERVING,PROJECT_ASSUMPTION,PROJECT_PORTION_ASSUMPTIONS,VERIFIED,1.0,Raw rice grains
Kesari Kheer,"Milk, whole, cow",80.0,RAW_INGREDIENT_GRAM_PER_SERVING,PROJECT_ASSUMPTION,PROJECT_PORTION_ASSUMPTIONS,VERIFIED,1.0,Whole milk base
Kesari Kheer,"Sugar, refined",12.0,RAW_INGREDIENT_GRAM_PER_SERVING,PROJECT_ASSUMPTION,PROJECT_PORTION_ASSUMPTIONS,VERIFIED,0.95,Refined sweetening sugar
Khata Mitha Kaddu,Pumpkin,80.0,RAW_INGREDIENT_GRAM_PER_SERVING,PROJECT_ASSUMPTION,PROJECT_PORTION_ASSUMPTIONS,VERIFIED,1.0,Diced orange pumpkin
Khata Mitha Kaddu,Jaggery,5.0,RAW_INGREDIENT_GRAM_PER_SERVING,PROJECT_ASSUMPTION,PROJECT_PORTION_ASSUMPTIONS,VERIFIED,1.0,Jaggery for sweet-sour profile
Khata Mitha Kaddu,Vegetable oil,5.0,RAW_INGREDIENT_GRAM_PER_SERVING,PROJECT_ASSUMPTION,PROJECT_PORTION_ASSUMPTIONS,VERIFIED,0.95,Cooking oil
Khichdi,"Rice, raw/parboiled",35.0,RAW_INGREDIENT_GRAM_PER_SERVING,PROJECT_ASSUMPTION,PROJECT_PORTION_ASSUMPTIONS,VERIFIED,1.0,Raw rice grain
Khichdi,"Green gram, dal",15.0,RAW_INGREDIENT_GRAM_PER_SERVING,PROJECT_ASSUMPTION,PROJECT_PORTION_ASSUMPTIONS,VERIFIED,1.0,Split moong dal
Khichdi,Ghee,5.0,RAW_INGREDIENT_GRAM_PER_SERVING,PROJECT_ASSUMPTION,PROJECT_PORTION_ASSUMPTIONS,VERIFIED,1.0,Tempering ghee
Lobiya Dal,Cowpea,30.0,RAW_INGREDIENT_GRAM_PER_SERVING,PROJECT_ASSUMPTION,PROJECT_PORTION_ASSUMPTIONS,VERIFIED,1.0,Raw cowpea / lobiya issuance
Lobiya Dal,Tomato,10.0,RAW_INGREDIENT_GRAM_PER_SERVING,PROJECT_ASSUMPTION,PROJECT_PORTION_ASSUMPTIONS,VERIFIED,0.95,Tomato base
Lobiya Dal,Onion,10.0,RAW_INGREDIENT_GRAM_PER_SERVING,PROJECT_ASSUMPTION,PROJECT_PORTION_ASSUMPTIONS,VERIFIED,0.95,Onion base
Lobiya Dal,Vegetable oil,5.0,RAW_INGREDIENT_GRAM_PER_SERVING,PROJECT_ASSUMPTION,PROJECT_PORTION_ASSUMPTIONS,VERIFIED,0.95,Cooking oil
Malka Masoor,"Lentil, dal",30.0,RAW_INGREDIENT_GRAM_PER_SERVING,PROJECT_ASSUMPTION,PROJECT_PORTION_ASSUMPTIONS,VERIFIED,1.0,Raw split red masoor dal issuance
Malka Masoor,Tomato,10.0,RAW_INGREDIENT_GRAM_PER_SERVING,PROJECT_ASSUMPTION,PROJECT_PORTION_ASSUMPTIONS,VERIFIED,0.95,Tomato base
Malka Masoor,Onion,10.0,RAW_INGREDIENT_GRAM_PER_SERVING,PROJECT_ASSUMPTION,PROJECT_PORTION_ASSUMPTIONS,VERIFIED,0.95,Onion base
Malka Masoor,Vegetable oil,5.0,RAW_INGREDIENT_GRAM_PER_SERVING,PROJECT_ASSUMPTION,PROJECT_PORTION_ASSUMPTIONS,VERIFIED,0.95,Cooking oil
Masala Aloo,Potato,65.0,RAW_INGREDIENT_GRAM_PER_SERVING,PROJECT_ASSUMPTION,PROJECT_PORTION_ASSUMPTIONS,VERIFIED,0.95,Diced potato
Masala Aloo,Tomato,15.0,RAW_INGREDIENT_GRAM_PER_SERVING,PROJECT_ASSUMPTION,PROJECT_PORTION_ASSUMPTIONS,VERIFIED,0.95,Tomato gravy
Masala Aloo,Onion,10.0,RAW_INGREDIENT_GRAM_PER_SERVING,PROJECT_ASSUMPTION,PROJECT_PORTION_ASSUMPTIONS,VERIFIED,0.95,Onion base
Masala Aloo,Vegetable oil,5.0,RAW_INGREDIENT_GRAM_PER_SERVING,PROJECT_ASSUMPTION,PROJECT_PORTION_ASSUMPTIONS,VERIFIED,0.95,Cooking oil
Matar Paneer,Paneer,40.0,RAW_INGREDIENT_GRAM_PER_SERVING,PROJECT_ASSUMPTION,PROJECT_PORTION_ASSUMPTIONS,VERIFIED,1.0,Fresh paneer cubes
Matar Paneer,Green peas,30.0,RAW_INGREDIENT_GRAM_PER_SERVING,PROJECT_ASSUMPTION,PROJECT_PORTION_ASSUMPTIONS,VERIFIED,1.0,Green peas
Matar Paneer,Tomato,20.0,RAW_INGREDIENT_GRAM_PER_SERVING,PROJECT_ASSUMPTION,PROJECT_PORTION_ASSUMPTIONS,VERIFIED,0.95,Tomato gravy
Matar Paneer,Onion,15.0,RAW_INGREDIENT_GRAM_PER_SERVING,PROJECT_ASSUMPTION,PROJECT_PORTION_ASSUMPTIONS,VERIFIED,0.95,Onion gravy
Matar Paneer,Vegetable oil,5.0,RAW_INGREDIENT_GRAM_PER_SERVING,PROJECT_ASSUMPTION,PROJECT_PORTION_ASSUMPTIONS,VERIFIED,0.95,Cooking oil
Mathi,"Wheat flour, refined",35.0,RAW_INGREDIENT_GRAM_PER_SERVING,PROJECT_ASSUMPTION,PROJECT_PORTION_ASSUMPTIONS,VERIFIED,1.0,Refined flour dough
Mathi,Vegetable oil,8.0,RAW_INGREDIENT_GRAM_PER_SERVING,PROJECT_ASSUMPTION,PROJECT_PORTION_ASSUMPTIONS,VERIFIED,0.95,Deep frying oil uptake
Milk,"Milk, whole, cow",150.0,RAW_INGREDIENT_GRAM_PER_SERVING,PROJECT_ASSUMPTION,PROJECT_PORTION_ASSUMPTIONS,VERIFIED,1.0,Standard single glass milk serving
Mint Raita,Curd / Dahi,90.0,RAW_INGREDIENT_GRAM_PER_SERVING,PROJECT_ASSUMPTION,PROJECT_PORTION_ASSUMPTIONS,APPROXIMATE,0.9,Curd base
Mint Raita,Mint leaves,10.0,RAW_INGREDIENT_GRAM_PER_SERVING,PROJECT_ASSUMPTION,PROJECT_PORTION_ASSUMPTIONS,VERIFIED,1.0,Crushed fresh mint
Mix Dal Amritsari,"Red gram, dal",10.0,RAW_INGREDIENT_GRAM_PER_SERVING,PROJECT_ASSUMPTION,PROJECT_PORTION_ASSUMPTIONS,VERIFIED,1.0,Toor dal component
Mix Dal Amritsari,"Bengal gram, dal",10.0,RAW_INGREDIENT_GRAM_PER_SERVING,PROJECT_ASSUMPTION,PROJECT_PORTION_ASSUMPTIONS,VERIFIED,1.0,Chana dal component
Mix Dal Amritsari,"Black gram, dal",5.0,RAW_INGREDIENT_GRAM_PER_SERVING,PROJECT_ASSUMPTION,PROJECT_PORTION_ASSUMPTIONS,VERIFIED,1.0,Urad dal component
Mix Dal Amritsari,"Green gram, dal",5.0,RAW_INGREDIENT_GRAM_PER_SERVING,PROJECT_ASSUMPTION,PROJECT_PORTION_ASSUMPTIONS,VERIFIED,1.0,Moong dal component
Mix Dal Amritsari,Tomato,10.0,RAW_INGREDIENT_GRAM_PER_SERVING,PROJECT_ASSUMPTION,PROJECT_PORTION_ASSUMPTIONS,VERIFIED,0.95,Tomato base
Mix Dal Amritsari,Onion,10.0,RAW_INGREDIENT_GRAM_PER_SERVING,PROJECT_ASSUMPTION,PROJECT_PORTION_ASSUMPTIONS,VERIFIED,0.95,Onion base
Mix Dal Amritsari,Ghee,5.0,RAW_INGREDIENT_GRAM_PER_SERVING,PROJECT_ASSUMPTION,PROJECT_PORTION_ASSUMPTIONS,VERIFIED,1.0,Tadka ghee
Mix Pakora,"Bengal gram, flour",25.0,RAW_INGREDIENT_GRAM_PER_SERVING,PROJECT_ASSUMPTION,PROJECT_PORTION_ASSUMPTIONS,VERIFIED,0.95,Besan batter
Mix Pakora,Potato,20.0,RAW_INGREDIENT_GRAM_PER_SERVING,PROJECT_ASSUMPTION,PROJECT_PORTION_ASSUMPTIONS,VERIFIED,0.95,Sliced potato
Mix Pakora,Onion,20.0,RAW_INGREDIENT_GRAM_PER_SERVING,PROJECT_ASSUMPTION,PROJECT_PORTION_ASSUMPTIONS,VERIFIED,0.95,Sliced onion
Mix Pakora,Cabbage,15.0,RAW_INGREDIENT_GRAM_PER_SERVING,PROJECT_ASSUMPTION,PROJECT_PORTION_ASSUMPTIONS,VERIFIED,1.0,Shredded cabbage
Mix Pakora,Vegetable oil,8.0,RAW_INGREDIENT_GRAM_PER_SERVING,PROJECT_ASSUMPTION,PROJECT_PORTION_ASSUMPTIONS,VERIFIED,0.95,Deep frying oil uptake
Mix Raita,Curd / Dahi,75.0,RAW_INGREDIENT_GRAM_PER_SERVING,PROJECT_ASSUMPTION,PROJECT_PORTION_ASSUMPTIONS,APPROXIMATE,0.9,Curd base
Mix Raita,Cucumber,15.0,RAW_INGREDIENT_GRAM_PER_SERVING,PROJECT_ASSUMPTION,PROJECT_PORTION_ASSUMPTIONS,VERIFIED,1.0,Finely chopped cucumber
Mix Raita,Tomato,10.0,RAW_INGREDIENT_GRAM_PER_SERVING,PROJECT_ASSUMPTION,PROJECT_PORTION_ASSUMPTIONS,VERIFIED,0.95,Finely chopped tomato
Mix Veg,Potato,20.0,RAW_INGREDIENT_GRAM_PER_SERVING,PROJECT_ASSUMPTION,PROJECT_PORTION_ASSUMPTIONS,VERIFIED,0.95,Diced potato
Mix Veg,Cauliflower,20.0,RAW_INGREDIENT_GRAM_PER_SERVING,PROJECT_ASSUMPTION,PROJECT_PORTION_ASSUMPTIONS,VERIFIED,1.0,Cauliflower florets
Mix Veg,Carrot,15.0,RAW_INGREDIENT_GRAM_PER_SERVING,PROJECT_ASSUMPTION,PROJECT_PORTION_ASSUMPTIONS,VERIFIED,1.0,Diced carrot
Mix Veg,Green peas,15.0,RAW_INGREDIENT_GRAM_PER_SERVING,PROJECT_ASSUMPTION,PROJECT_PORTION_ASSUMPTIONS,VERIFIED,1.0,Green peas
Mix Veg,French beans,10.0,RAW_INGREDIENT_GRAM_PER_SERVING,PROJECT_ASSUMPTION,PROJECT_PORTION_ASSUMPTIONS,VERIFIED,1.0,Chopped green beans
Mix Veg,Tomato,10.0,RAW_INGREDIENT_GRAM_PER_SERVING,PROJECT_ASSUMPTION,PROJECT_PORTION_ASSUMPTIONS,VERIFIED,0.95,Tomato base
Mix Veg,Vegetable oil,5.0,RAW_INGREDIENT_GRAM_PER_SERVING,PROJECT_ASSUMPTION,PROJECT_PORTION_ASSUMPTIONS,VERIFIED,0.95,Cooking oil
Moong Dal,"Green gram, dal",30.0,RAW_INGREDIENT_GRAM_PER_SERVING,PROJECT_ASSUMPTION,PROJECT_PORTION_ASSUMPTIONS,VERIFIED,1.0,Raw yellow moong dal issuance
Moong Dal,Tomato,10.0,RAW_INGREDIENT_GRAM_PER_SERVING,PROJECT_ASSUMPTION,PROJECT_PORTION_ASSUMPTIONS,VERIFIED,0.95,Tomato base
Moong Dal,Onion,10.0,RAW_INGREDIENT_GRAM_PER_SERVING,PROJECT_ASSUMPTION,PROJECT_PORTION_ASSUMPTIONS,VERIFIED,0.95,Onion base
Moong Dal,Ghee,5.0,RAW_INGREDIENT_GRAM_PER_SERVING,PROJECT_ASSUMPTION,PROJECT_PORTION_ASSUMPTIONS,VERIFIED,1.0,Tadka ghee
Moong Dal,Cumin seeds,1.0,RAW_INGREDIENT_GRAM_PER_SERVING,PROJECT_ASSUMPTION,PROJECT_PORTION_ASSUMPTIONS,VERIFIED,1.0,Cumin tempering
Moong Sabut,"Green gram, whole",30.0,RAW_INGREDIENT_GRAM_PER_SERVING,PROJECT_ASSUMPTION,PROJECT_PORTION_ASSUMPTIONS,VERIFIED,1.0,Raw whole green moong issuance
Moong Sabut,Tomato,10.0,RAW_INGREDIENT_GRAM_PER_SERVING,PROJECT_ASSUMPTION,PROJECT_PORTION_ASSUMPTIONS,VERIFIED,0.95,Tomato base
Moong Sabut,Onion,10.0,RAW_INGREDIENT_GRAM_PER_SERVING,PROJECT_ASSUMPTION,PROJECT_PORTION_ASSUMPTIONS,VERIFIED,0.95,Onion base
Moong Sabut,Vegetable oil,5.0,RAW_INGREDIENT_GRAM_PER_SERVING,PROJECT_ASSUMPTION,PROJECT_PORTION_ASSUMPTIONS,VERIFIED,0.95,Cooking oil
Muffin,Commercial muffin,40.0,RAW_INGREDIENT_GRAM_PER_SERVING,PROJECT_ASSUMPTION,PROJECT_PORTION_ASSUMPTIONS,UNMAPPED,0.0,Single commercial bakery muffin
Namak Pare,"Wheat flour, refined",35.0,RAW_INGREDIENT_GRAM_PER_SERVING,PROJECT_ASSUMPTION,PROJECT_PORTION_ASSUMPTIONS,VERIFIED,1.0,Refined flour dough
Namak Pare,Vegetable oil,8.0,RAW_INGREDIENT_GRAM_PER_SERVING,PROJECT_ASSUMPTION,PROJECT_PORTION_ASSUMPTIONS,VERIFIED,0.95,Deep frying oil uptake
Namkeen,Commercial namkeen,30.0,RAW_INGREDIENT_GRAM_PER_SERVING,PROJECT_ASSUMPTION,PROJECT_PORTION_ASSUMPTIONS,UNMAPPED,0.0,Commercial savoury fried mixture portion
Namkeen Seviyan,"Wheat, vermicelli",40.0,RAW_INGREDIENT_GRAM_PER_SERVING,PROJECT_ASSUMPTION,PROJECT_PORTION_ASSUMPTIONS,VERIFIED,1.0,Roasted vermicelli
Namkeen Seviyan,Onion,15.0,RAW_INGREDIENT_GRAM_PER_SERVING,PROJECT_ASSUMPTION,PROJECT_PORTION_ASSUMPTIONS,VERIFIED,0.95,Sautéed onion
Namkeen Seviyan,Green peas,15.0,RAW_INGREDIENT_GRAM_PER_SERVING,PROJECT_ASSUMPTION,PROJECT_PORTION_ASSUMPTIONS,VERIFIED,1.0,Green peas
Namkeen Seviyan,Tomato,10.0,RAW_INGREDIENT_GRAM_PER_SERVING,PROJECT_ASSUMPTION,PROJECT_PORTION_ASSUMPTIONS,VERIFIED,0.95,Tomato
Namkeen Seviyan,Vegetable oil,5.0,RAW_INGREDIENT_GRAM_PER_SERVING,PROJECT_ASSUMPTION,PROJECT_PORTION_ASSUMPTIONS,VERIFIED,0.95,Cooking oil
Nutry Masala,Soyabean chunks,30.0,RAW_INGREDIENT_GRAM_PER_SERVING,PROJECT_ASSUMPTION,PROJECT_PORTION_ASSUMPTIONS,APPROXIMATE,0.8,Dry soya chunks
Nutry Masala,Tomato,20.0,RAW_INGREDIENT_GRAM_PER_SERVING,PROJECT_ASSUMPTION,PROJECT_PORTION_ASSUMPTIONS,VERIFIED,0.95,Tomato gravy
Nutry Masala,Onion,15.0,RAW_INGREDIENT_GRAM_PER_SERVING,PROJECT_ASSUMPTION,PROJECT_PORTION_ASSUMPTIONS,VERIFIED,0.95,Onion gravy
Nutry Masala,Vegetable oil,5.0,RAW_INGREDIENT_GRAM_PER_SERVING,PROJECT_ASSUMPTION,PROJECT_PORTION_ASSUMPTIONS,VERIFIED,0.95,Cooking oil
Nutry Masala,Ginger,2.0,RAW_INGREDIENT_GRAM_PER_SERVING,PROJECT_ASSUMPTION,PROJECT_PORTION_ASSUMPTIONS,VERIFIED,1.0,Fresh ginger
Nutry Masala,Garlic,2.0,RAW_INGREDIENT_GRAM_PER_SERVING,PROJECT_ASSUMPTION,PROJECT_PORTION_ASSUMPTIONS,VERIFIED,0.95,Fresh garlic
Nutry Matar,Soyabean chunks,25.0,RAW_INGREDIENT_GRAM_PER_SERVING,PROJECT_ASSUMPTION,PROJECT_PORTION_ASSUMPTIONS,APPROXIMATE,0.8,Dry soya chunks
Nutry Matar,Green peas,30.0,RAW_INGREDIENT_GRAM_PER_SERVING,PROJECT_ASSUMPTION,PROJECT_PORTION_ASSUMPTIONS,VERIFIED,1.0,Green peas
Nutry Matar,Tomato,20.0,RAW_INGREDIENT_GRAM_PER_SERVING,PROJECT_ASSUMPTION,PROJECT_PORTION_ASSUMPTIONS,VERIFIED,0.95,Tomato gravy
Nutry Matar,Onion,15.0,RAW_INGREDIENT_GRAM_PER_SERVING,PROJECT_ASSUMPTION,PROJECT_PORTION_ASSUMPTIONS,VERIFIED,0.95,Onion gravy
Nutry Matar,Vegetable oil,5.0,RAW_INGREDIENT_GRAM_PER_SERVING,PROJECT_ASSUMPTION,PROJECT_PORTION_ASSUMPTIONS,VERIFIED,0.95,Cooking oil
Omelette,"Egg, whole",50.0,RAW_INGREDIENT_GRAM_PER_SERVING,PROJECT_ASSUMPTION,PROJECT_PORTION_ASSUMPTIONS,VERIFIED,1.0,Single whole beaten egg
Omelette,Onion,15.0,RAW_INGREDIENT_GRAM_PER_SERVING,PROJECT_ASSUMPTION,PROJECT_PORTION_ASSUMPTIONS,VERIFIED,0.95,Finely chopped onion
Omelette,Tomato,10.0,RAW_INGREDIENT_GRAM_PER_SERVING,PROJECT_ASSUMPTION,PROJECT_PORTION_ASSUMPTIONS,VERIFIED,0.95,Finely chopped tomato
Omelette,Vegetable oil,5.0,RAW_INGREDIENT_GRAM_PER_SERVING,PROJECT_ASSUMPTION,PROJECT_PORTION_ASSUMPTIONS,VERIFIED,0.95,Pan frying oil
Omelette,Green chilli,2.0,RAW_INGREDIENT_GRAM_PER_SERVING,PROJECT_ASSUMPTION,PROJECT_PORTION_ASSUMPTIONS,VERIFIED,0.95,Green chilli
Onion,Onion,40.0,RAW_INGREDIENT_GRAM_PER_SERVING,PROJECT_ASSUMPTION,PROJECT_PORTION_ASSUMPTIONS,VERIFIED,0.95,Raw salad onion slices
Palak Corn,Spinach,50.0,RAW_INGREDIENT_GRAM_PER_SERVING,PROJECT_ASSUMPTION,PROJECT_PORTION_ASSUMPTIONS,VERIFIED,1.0,Pureed spinach leaves
Palak Corn,Sweet corn,30.0,RAW_INGREDIENT_GRAM_PER_SERVING,PROJECT_ASSUMPTION,PROJECT_PORTION_ASSUMPTIONS,VERIFIED,1.0,Sweet corn kernels
Palak Corn,Tomato,15.0,RAW_INGREDIENT_GRAM_PER_SERVING,PROJECT_ASSUMPTION,PROJECT_PORTION_ASSUMPTIONS,VERIFIED,0.95,Tomato base
Palak Corn,Onion,10.0,RAW_INGREDIENT_GRAM_PER_SERVING,PROJECT_ASSUMPTION,PROJECT_PORTION_ASSUMPTIONS,VERIFIED,0.95,Onion base
Palak Corn,Vegetable oil,5.0,RAW_INGREDIENT_GRAM_PER_SERVING,PROJECT_ASSUMPTION,PROJECT_PORTION_ASSUMPTIONS,VERIFIED,0.95,Cooking oil
Panchmail Dal,"Red gram, dal",6.0,RAW_INGREDIENT_GRAM_PER_SERVING,PROJECT_ASSUMPTION,PROJECT_PORTION_ASSUMPTIONS,VERIFIED,1.0,Toor dal
Panchmail Dal,"Bengal gram, dal",6.0,RAW_INGREDIENT_GRAM_PER_SERVING,PROJECT_ASSUMPTION,PROJECT_PORTION_ASSUMPTIONS,VERIFIED,1.0,Chana dal
Panchmail Dal,"Green gram, dal",6.0,RAW_INGREDIENT_GRAM_PER_SERVING,PROJECT_ASSUMPTION,PROJECT_PORTION_ASSUMPTIONS,VERIFIED,1.0,Moong dal
Panchmail Dal,"Black gram, dal",6.0,RAW_INGREDIENT_GRAM_PER_SERVING,PROJECT_ASSUMPTION,PROJECT_PORTION_ASSUMPTIONS,VERIFIED,1.0,Urad dal
Panchmail Dal,"Lentil, dal",6.0,RAW_INGREDIENT_GRAM_PER_SERVING,PROJECT_ASSUMPTION,PROJECT_PORTION_ASSUMPTIONS,VERIFIED,1.0,Masoor dal
Panchmail Dal,Tomato,10.0,RAW_INGREDIENT_GRAM_PER_SERVING,PROJECT_ASSUMPTION,PROJECT_PORTION_ASSUMPTIONS,VERIFIED,0.95,Tomato base
Panchmail Dal,Onion,10.0,RAW_INGREDIENT_GRAM_PER_SERVING,PROJECT_ASSUMPTION,PROJECT_PORTION_ASSUMPTIONS,VERIFIED,0.95,Onion base
Panchmail Dal,Ghee,5.0,RAW_INGREDIENT_GRAM_PER_SERVING,PROJECT_ASSUMPTION,PROJECT_PORTION_ASSUMPTIONS,VERIFIED,1.0,Tadka ghee
Paneer Butter Masala,Paneer,40.0,RAW_INGREDIENT_GRAM_PER_SERVING,PROJECT_ASSUMPTION,PROJECT_PORTION_ASSUMPTIONS,VERIFIED,1.0,Fresh paneer cubes
Paneer Butter Masala,Tomato,25.0,RAW_INGREDIENT_GRAM_PER_SERVING,PROJECT_ASSUMPTION,PROJECT_PORTION_ASSUMPTIONS,VERIFIED,0.95,Makhani tomato gravy
Paneer Butter Masala,Onion,15.0,RAW_INGREDIENT_GRAM_PER_SERVING,PROJECT_ASSUMPTION,PROJECT_PORTION_ASSUMPTIONS,VERIFIED,0.95,Gravy onion
Paneer Butter Masala,Butter,6.0,RAW_INGREDIENT_GRAM_PER_SERVING,PROJECT_ASSUMPTION,PROJECT_PORTION_ASSUMPTIONS,VERIFIED,0.95,Butter finish
Paneer Butter Masala,"Milk, whole, cow",10.0,RAW_INGREDIENT_GRAM_PER_SERVING,PROJECT_ASSUMPTION,PROJECT_PORTION_ASSUMPTIONS,VERIFIED,1.0,Milk/cream base
Paneer Butter Masala,Vegetable oil,5.0,RAW_INGREDIENT_GRAM_PER_SERVING,PROJECT_ASSUMPTION,PROJECT_PORTION_ASSUMPTIONS,VERIFIED,0.95,Cooking oil
Paneer Chettinad,Paneer,40.0,RAW_INGREDIENT_GRAM_PER_SERVING,PROJECT_ASSUMPTION,PROJECT_PORTION_ASSUMPTIONS,VERIFIED,1.0,Fresh paneer cubes
Paneer Chettinad,Tomato,20.0,RAW_INGREDIENT_GRAM_PER_SERVING,PROJECT_ASSUMPTION,PROJECT_PORTION_ASSUMPTIONS,VERIFIED,0.95,Chettinad tomato base
Paneer Chettinad,Onion,15.0,RAW_INGREDIENT_GRAM_PER_SERVING,PROJECT_ASSUMPTION,PROJECT_PORTION_ASSUMPTIONS,VERIFIED,0.95,Onion base
Paneer Chettinad,"Coconut, dry",6.0,RAW_INGREDIENT_GRAM_PER_SERVING,PROJECT_ASSUMPTION,PROJECT_PORTION_ASSUMPTIONS,VERIFIED,1.0,Chettinad coconut spice paste
Paneer Chettinad,Vegetable oil,5.0,RAW_INGREDIENT_GRAM_PER_SERVING,PROJECT_ASSUMPTION,PROJECT_PORTION_ASSUMPTIONS,VERIFIED,0.95,Cooking oil
Paneer Do Pyaza,Paneer,40.0,RAW_INGREDIENT_GRAM_PER_SERVING,PROJECT_ASSUMPTION,PROJECT_PORTION_ASSUMPTIONS,VERIFIED,1.0,Fresh paneer cubes
Paneer Do Pyaza,Onion,35.0,RAW_INGREDIENT_GRAM_PER_SERVING,PROJECT_ASSUMPTION,PROJECT_PORTION_ASSUMPTIONS,VERIFIED,0.95,Double stage sautéed onions
Paneer Do Pyaza,Tomato,20.0,RAW_INGREDIENT_GRAM_PER_SERVING,PROJECT_ASSUMPTION,PROJECT_PORTION_ASSUMPTIONS,VERIFIED,0.95,Tomato gravy
Paneer Do Pyaza,Vegetable oil,5.0,RAW_INGREDIENT_GRAM_PER_SERVING,PROJECT_ASSUMPTION,PROJECT_PORTION_ASSUMPTIONS,VERIFIED,0.95,Cooking oil
Paneer Kolhapuri,Paneer,40.0,RAW_INGREDIENT_GRAM_PER_SERVING,PROJECT_ASSUMPTION,PROJECT_PORTION_ASSUMPTIONS,VERIFIED,1.0,Fresh paneer cubes
Paneer Kolhapuri,Tomato,20.0,RAW_INGREDIENT_GRAM_PER_SERVING,PROJECT_ASSUMPTION,PROJECT_PORTION_ASSUMPTIONS,VERIFIED,0.95,Spicy tomato gravy
Paneer Kolhapuri,Onion,15.0,RAW_INGREDIENT_GRAM_PER_SERVING,PROJECT_ASSUMPTION,PROJECT_PORTION_ASSUMPTIONS,VERIFIED,0.95,Onion gravy
Paneer Kolhapuri,"Coconut, dry",6.0,RAW_INGREDIENT_GRAM_PER_SERVING,PROJECT_ASSUMPTION,PROJECT_PORTION_ASSUMPTIONS,VERIFIED,1.0,Roasted desiccated coconut
Paneer Kolhapuri,Vegetable oil,5.0,RAW_INGREDIENT_GRAM_PER_SERVING,PROJECT_ASSUMPTION,PROJECT_PORTION_ASSUMPTIONS,VERIFIED,0.95,Cooking oil
Paneer Lababdar,Paneer,40.0,RAW_INGREDIENT_GRAM_PER_SERVING,PROJECT_ASSUMPTION,PROJECT_PORTION_ASSUMPTIONS,VERIFIED,1.0,Fresh paneer cubes
Paneer Lababdar,Tomato,25.0,RAW_INGREDIENT_GRAM_PER_SERVING,PROJECT_ASSUMPTION,PROJECT_PORTION_ASSUMPTIONS,VERIFIED,0.95,Lababdar tomato base
Paneer Lababdar,Onion,15.0,RAW_INGREDIENT_GRAM_PER_SERVING,PROJECT_ASSUMPTION,PROJECT_PORTION_ASSUMPTIONS,VERIFIED,0.95,Gravy onion
Paneer Lababdar,"Milk, whole, cow",10.0,RAW_INGREDIENT_GRAM_PER_SERVING,PROJECT_ASSUMPTION,PROJECT_PORTION_ASSUMPTIONS,VERIFIED,1.0,Milk enrichment
Paneer Lababdar,Vegetable oil,5.0,RAW_INGREDIENT_GRAM_PER_SERVING,PROJECT_ASSUMPTION,PROJECT_PORTION_ASSUMPTIONS,VERIFIED,0.95,Cooking oil
Pav Bhaji,Commercial bun,40.0,RAW_INGREDIENT_GRAM_PER_SERVING,PROJECT_ASSUMPTION,PROJECT_PORTION_ASSUMPTIONS,VERIFIED,0.9,Single pav bun
Pav Bhaji,Potato,40.0,RAW_INGREDIENT_GRAM_PER_SERVING,PROJECT_ASSUMPTION,PROJECT_PORTION_ASSUMPTIONS,VERIFIED,0.95,Bhaji boiled potato base
Pav Bhaji,Tomato,20.0,RAW_INGREDIENT_GRAM_PER_SERVING,PROJECT_ASSUMPTION,PROJECT_PORTION_ASSUMPTIONS,VERIFIED,0.95,Bhaji tomato puree
Pav Bhaji,Cauliflower,15.0,RAW_INGREDIENT_GRAM_PER_SERVING,PROJECT_ASSUMPTION,PROJECT_PORTION_ASSUMPTIONS,VERIFIED,1.0,Bhaji mixed vegetables
Pav Bhaji,Green peas,15.0,RAW_INGREDIENT_GRAM_PER_SERVING,PROJECT_ASSUMPTION,PROJECT_PORTION_ASSUMPTIONS,VERIFIED,1.0,Bhaji green peas
Pav Bhaji,"Capsicum, green",10.0,RAW_INGREDIENT_GRAM_PER_SERVING,PROJECT_ASSUMPTION,PROJECT_PORTION_ASSUMPTIONS,VERIFIED,1.0,Bhaji capsicum
Pav Bhaji,Onion,10.0,RAW_INGREDIENT_GRAM_PER_SERVING,PROJECT_ASSUMPTION,PROJECT_PORTION_ASSUMPTIONS,VERIFIED,0.95,Bhaji sautéed onion
Pav Bhaji,Butter,8.0,RAW_INGREDIENT_GRAM_PER_SERVING,PROJECT_ASSUMPTION,PROJECT_PORTION_ASSUMPTIONS,VERIFIED,0.95,Butter for bhaji and pav
Pickle,Commercial pickle,15.0,RAW_INGREDIENT_GRAM_PER_SERVING,PROJECT_ASSUMPTION,PROJECT_PORTION_ASSUMPTIONS,UNMAPPED,0.0,Single commercial pickle portion
Pink Sauce Pasta,Commercial pasta,60.0,RAW_INGREDIENT_GRAM_PER_SERVING,PROJECT_ASSUMPTION,PROJECT_PORTION_ASSUMPTIONS,UNMAPPED,0.0,Commercial pasta serving
Plain Curd,Curd / Dahi,100.0,RAW_INGREDIENT_GRAM_PER_SERVING,PROJECT_ASSUMPTION,PROJECT_PORTION_ASSUMPTIONS,APPROXIMATE,0.9,Standard single katori curd serving
Plain Rice,"Rice, raw/parboiled",50.0,RAW_INGREDIENT_GRAM_PER_SERVING,PROJECT_ASSUMPTION,PROJECT_PORTION_ASSUMPTIONS,VERIFIED,1.0,Standard single serving raw rice grain
Poha,"Rice, flakes",40.0,RAW_INGREDIENT_GRAM_PER_SERVING,PROJECT_ASSUMPTION,PROJECT_PORTION_ASSUMPTIONS,VERIFIED,1.0,Flattened rice flakes
Poha,Onion,15.0,RAW_INGREDIENT_GRAM_PER_SERVING,PROJECT_ASSUMPTION,PROJECT_PORTION_ASSUMPTIONS,VERIFIED,0.95,Sautéed onion
Poha,Groundnut / Peanut,5.0,RAW_INGREDIENT_GRAM_PER_SERVING,PROJECT_ASSUMPTION,PROJECT_PORTION_ASSUMPTIONS,VERIFIED,1.0,Roasted peanuts
Poha,Vegetable oil,5.0,RAW_INGREDIENT_GRAM_PER_SERVING,PROJECT_ASSUMPTION,PROJECT_PORTION_ASSUMPTIONS,VERIFIED,0.95,Tempering cooking oil
Poha,Green chilli,2.0,RAW_INGREDIENT_GRAM_PER_SERVING,PROJECT_ASSUMPTION,PROJECT_PORTION_ASSUMPTIONS,VERIFIED,0.95,Spiced green chilli
Poori,"Wheat flour, atta",30.0,RAW_INGREDIENT_GRAM_PER_SERVING,PROJECT_ASSUMPTION,PROJECT_PORTION_ASSUMPTIONS,VERIFIED,1.0,Single poori raw flour weight
Poori,Vegetable oil,8.0,RAW_INGREDIENT_GRAM_PER_SERVING,PROJECT_ASSUMPTION,PROJECT_PORTION_ASSUMPTIONS,VERIFIED,0.95,Deep frying oil uptake per poori
Poori Aloo Chana,"Wheat flour, atta",30.0,RAW_INGREDIENT_GRAM_PER_SERVING,PROJECT_ASSUMPTION,PROJECT_PORTION_ASSUMPTIONS,VERIFIED,1.0,Poori raw flour
Poori Aloo Chana,Vegetable oil,8.0,RAW_INGREDIENT_GRAM_PER_SERVING,PROJECT_ASSUMPTION,PROJECT_PORTION_ASSUMPTIONS,VERIFIED,0.95,Poori frying oil
Poori Aloo Chana,Potato,30.0,RAW_INGREDIENT_GRAM_PER_SERVING,PROJECT_ASSUMPTION,PROJECT_PORTION_ASSUMPTIONS,VERIFIED,0.95,Aloo sabzi potato
Poori Aloo Chana,"Bengal gram, whole",15.0,RAW_INGREDIENT_GRAM_PER_SERVING,PROJECT_ASSUMPTION,PROJECT_PORTION_ASSUMPTIONS,VERIFIED,1.0,Black chana issuance
Poori Aloo Chana,Onion,10.0,RAW_INGREDIENT_GRAM_PER_SERVING,PROJECT_ASSUMPTION,PROJECT_PORTION_ASSUMPTIONS,VERIFIED,0.95,Curry onion
Poori Aloo Chana,Tomato,10.0,RAW_INGREDIENT_GRAM_PER_SERVING,PROJECT_ASSUMPTION,PROJECT_PORTION_ASSUMPTIONS,VERIFIED,0.95,Curry tomato
Poori Aloo Chana,Vegetable oil,5.0,RAW_INGREDIENT_GRAM_PER_SERVING,PROJECT_ASSUMPTION,PROJECT_PORTION_ASSUMPTIONS,VERIFIED,0.95,Curry cooking oil
Rajmah,Kidney beans,30.0,RAW_INGREDIENT_GRAM_PER_SERVING,PROJECT_ASSUMPTION,PROJECT_PORTION_ASSUMPTIONS,VERIFIED,0.95,Raw red kidney beans issuance
Rajmah,Tomato,15.0,RAW_INGREDIENT_GRAM_PER_SERVING,PROJECT_ASSUMPTION,PROJECT_PORTION_ASSUMPTIONS,VERIFIED,0.95,Thick tomato gravy base
Rajmah,Onion,15.0,RAW_INGREDIENT_GRAM_PER_SERVING,PROJECT_ASSUMPTION,PROJECT_PORTION_ASSUMPTIONS,VERIFIED,0.95,Gravy onion base
Rajmah,Vegetable oil,5.0,RAW_INGREDIENT_GRAM_PER_SERVING,PROJECT_ASSUMPTION,PROJECT_PORTION_ASSUMPTIONS,VERIFIED,0.95,Cooking oil
Rajmah,Ginger,2.0,RAW_INGREDIENT_GRAM_PER_SERVING,PROJECT_ASSUMPTION,PROJECT_PORTION_ASSUMPTIONS,VERIFIED,1.0,Fresh ginger paste
Rajmah,Garlic,2.0,RAW_INGREDIENT_GRAM_PER_SERVING,PROJECT_ASSUMPTION,PROJECT_PORTION_ASSUMPTIONS,VERIFIED,0.95,Fresh garlic paste
Rusk,Commercial rusk,25.0,RAW_INGREDIENT_GRAM_PER_SERVING,PROJECT_ASSUMPTION,PROJECT_PORTION_ASSUMPTIONS,UNMAPPED,0.0,Two pieces commercial bakery rusk
Sabudana Kheer,Tapioca pearls,25.0,RAW_INGREDIENT_GRAM_PER_SERVING,PROJECT_ASSUMPTION,PROJECT_PORTION_ASSUMPTIONS,APPROXIMATE,0.85,Sabudana pearls
Sabudana Kheer,"Milk, whole, cow",80.0,RAW_INGREDIENT_GRAM_PER_SERVING,PROJECT_ASSUMPTION,PROJECT_PORTION_ASSUMPTIONS,VERIFIED,1.0,Whole milk base
Sabudana Kheer,"Sugar, refined",12.0,RAW_INGREDIENT_GRAM_PER_SERVING,PROJECT_ASSUMPTION,PROJECT_PORTION_ASSUMPTIONS,VERIFIED,0.95,Refined sweetening sugar
Sabut Masoor,"Lentil, whole",30.0,RAW_INGREDIENT_GRAM_PER_SERVING,PROJECT_ASSUMPTION,PROJECT_PORTION_ASSUMPTIONS,VERIFIED,1.0,Raw whole brown lentil issuance
Sabut Masoor,Tomato,10.0,RAW_INGREDIENT_GRAM_PER_SERVING,PROJECT_ASSUMPTION,PROJECT_PORTION_ASSUMPTIONS,VERIFIED,0.95,Tomato base
Sabut Masoor,Onion,10.0,RAW_INGREDIENT_GRAM_PER_SERVING,PROJECT_ASSUMPTION,PROJECT_PORTION_ASSUMPTIONS,VERIFIED,0.95,Onion base
Sabut Masoor,Vegetable oil,5.0,RAW_INGREDIENT_GRAM_PER_SERVING,PROJECT_ASSUMPTION,PROJECT_PORTION_ASSUMPTIONS,VERIFIED,0.95,Cooking oil
Samosa,Potato,30.0,RAW_INGREDIENT_GRAM_PER_SERVING,PROJECT_ASSUMPTION,PROJECT_PORTION_ASSUMPTIONS,VERIFIED,0.95,Boiled spiced potato filling
Samosa,"Wheat flour, refined",25.0,RAW_INGREDIENT_GRAM_PER_SERVING,PROJECT_ASSUMPTION,PROJECT_PORTION_ASSUMPTIONS,VERIFIED,1.0,Pastry crust
Samosa,Green peas,10.0,RAW_INGREDIENT_GRAM_PER_SERVING,PROJECT_ASSUMPTION,PROJECT_PORTION_ASSUMPTIONS,VERIFIED,1.0,Green peas filling
Samosa,Vegetable oil,10.0,RAW_INGREDIENT_GRAM_PER_SERVING,PROJECT_ASSUMPTION,PROJECT_PORTION_ASSUMPTIONS,VERIFIED,0.95,Deep frying oil uptake
Sandwich,Commercial bread,50.0,RAW_INGREDIENT_GRAM_PER_SERVING,PROJECT_ASSUMPTION,PROJECT_PORTION_ASSUMPTIONS,VERIFIED,0.95,Two slices commercial white bread
Sandwich,Cucumber,25.0,RAW_INGREDIENT_GRAM_PER_SERVING,PROJECT_ASSUMPTION,PROJECT_PORTION_ASSUMPTIONS,VERIFIED,1.0,Cucumber slices
Sandwich,Tomato,25.0,RAW_INGREDIENT_GRAM_PER_SERVING,PROJECT_ASSUMPTION,PROJECT_PORTION_ASSUMPTIONS,VERIFIED,0.95,Tomato slices
Sandwich,Butter,5.0,RAW_INGREDIENT_GRAM_PER_SERVING,PROJECT_ASSUMPTION,PROJECT_PORTION_ASSUMPTIONS,VERIFIED,0.95,Table butter spread
Sirca Onion,Onion,35.0,RAW_INGREDIENT_GRAM_PER_SERVING,PROJECT_ASSUMPTION,PROJECT_PORTION_ASSUMPTIONS,VERIFIED,0.95,Pickled small onion
Sirca Onion,Beetroot,5.0,RAW_INGREDIENT_GRAM_PER_SERVING,PROJECT_ASSUMPTION,PROJECT_PORTION_ASSUMPTIONS,VERIFIED,1.0,Natural beetroot color
Stuffed Paratha,"Wheat flour, atta",40.0,RAW_INGREDIENT_GRAM_PER_SERVING,PROJECT_ASSUMPTION,PROJECT_PORTION_ASSUMPTIONS,VERIFIED,1.0,Paratha dough flour
Stuffed Paratha,Potato,20.0,RAW_INGREDIENT_GRAM_PER_SERVING,PROJECT_ASSUMPTION,PROJECT_PORTION_ASSUMPTIONS,VERIFIED,0.95,Potato stuffing
Stuffed Paratha,Vegetable oil,5.0,RAW_INGREDIENT_GRAM_PER_SERVING,PROJECT_ASSUMPTION,PROJECT_PORTION_ASSUMPTIONS,VERIFIED,0.95,Shallow frying fat
Sweet Dalia,"Wheat, bulgur",35.0,RAW_INGREDIENT_GRAM_PER_SERVING,PROJECT_ASSUMPTION,PROJECT_PORTION_ASSUMPTIONS,VERIFIED,1.0,Broken wheat grains
Sweet Dalia,"Milk, whole, cow",80.0,RAW_INGREDIENT_GRAM_PER_SERVING,PROJECT_ASSUMPTION,PROJECT_PORTION_ASSUMPTIONS,VERIFIED,1.0,Whole milk base
Sweet Dalia,"Sugar, refined",8.0,RAW_INGREDIENT_GRAM_PER_SERVING,PROJECT_ASSUMPTION,PROJECT_PORTION_ASSUMPTIONS,VERIFIED,0.95,Refined sweetening sugar
Tea,"Milk, whole, cow",80.0,RAW_INGREDIENT_GRAM_PER_SERVING,PROJECT_ASSUMPTION,PROJECT_PORTION_ASSUMPTIONS,VERIFIED,1.0,Milk component in tea cup
Tea,"Sugar, refined",8.0,RAW_INGREDIENT_GRAM_PER_SERVING,PROJECT_ASSUMPTION,PROJECT_PORTION_ASSUMPTIONS,VERIFIED,0.95,Refined sweetening sugar
Tea,Tea leaves,2.0,RAW_INGREDIENT_GRAM_PER_SERVING,PROJECT_ASSUMPTION,PROJECT_PORTION_ASSUMPTIONS,APPROXIMATE,0.9,Brewed tea leaves
Tea Cake,Commercial tea cake,35.0,RAW_INGREDIENT_GRAM_PER_SERVING,PROJECT_ASSUMPTION,PROJECT_PORTION_ASSUMPTIONS,UNMAPPED,0.0,Single slice commercial bakery tea cake
Tomato,Tomato,40.0,RAW_INGREDIENT_GRAM_PER_SERVING,PROJECT_ASSUMPTION,PROJECT_PORTION_ASSUMPTIONS,VERIFIED,0.95,Raw salad tomato slices
Tomato Ketchup,Commercial tomato ketchup,15.0,RAW_INGREDIENT_GRAM_PER_SERVING,PROJECT_ASSUMPTION,PROJECT_PORTION_ASSUMPTIONS,UNMAPPED,0.0,Single commercial ketchup sachet/portion
Veg Biryani,"Rice, raw/parboiled",50.0,RAW_INGREDIENT_GRAM_PER_SERVING,PROJECT_ASSUMPTION,PROJECT_PORTION_ASSUMPTIONS,VERIFIED,1.0,Raw basmati/parboiled rice
Veg Biryani,Potato,15.0,RAW_INGREDIENT_GRAM_PER_SERVING,PROJECT_ASSUMPTION,PROJECT_PORTION_ASSUMPTIONS,VERIFIED,0.95,Biryani vegetables
Veg Biryani,Onion,10.0,RAW_INGREDIENT_GRAM_PER_SERVING,PROJECT_ASSUMPTION,PROJECT_PORTION_ASSUMPTIONS,VERIFIED,0.95,Fried onion base
Veg Biryani,Green peas,10.0,RAW_INGREDIENT_GRAM_PER_SERVING,PROJECT_ASSUMPTION,PROJECT_PORTION_ASSUMPTIONS,VERIFIED,1.0,Green peas
Veg Biryani,Carrot,10.0,RAW_INGREDIENT_GRAM_PER_SERVING,PROJECT_ASSUMPTION,PROJECT_PORTION_ASSUMPTIONS,VERIFIED,1.0,Diced carrot
Veg Biryani,Ghee,5.0,RAW_INGREDIENT_GRAM_PER_SERVING,PROJECT_ASSUMPTION,PROJECT_PORTION_ASSUMPTIONS,VERIFIED,1.0,Aromatic tempering ghee
Veg Fried Rice,"Rice, raw/parboiled",45.0,RAW_INGREDIENT_GRAM_PER_SERVING,PROJECT_ASSUMPTION,PROJECT_PORTION_ASSUMPTIONS,VERIFIED,1.0,Raw rice grain
Veg Fried Rice,Cabbage,15.0,RAW_INGREDIENT_GRAM_PER_SERVING,PROJECT_ASSUMPTION,PROJECT_PORTION_ASSUMPTIONS,VERIFIED,1.0,Finely shredded cabbage
Veg Fried Rice,Carrot,10.0,RAW_INGREDIENT_GRAM_PER_SERVING,PROJECT_ASSUMPTION,PROJECT_PORTION_ASSUMPTIONS,VERIFIED,1.0,Diced carrot
Veg Fried Rice,French beans,10.0,RAW_INGREDIENT_GRAM_PER_SERVING,PROJECT_ASSUMPTION,PROJECT_PORTION_ASSUMPTIONS,VERIFIED,1.0,Chopped green beans
Veg Fried Rice,Vegetable oil,5.0,RAW_INGREDIENT_GRAM_PER_SERVING,PROJECT_ASSUMPTION,PROJECT_PORTION_ASSUMPTIONS,VERIFIED,0.95,Wok frying oil
Veg Jaipuri,Potato,20.0,RAW_INGREDIENT_GRAM_PER_SERVING,PROJECT_ASSUMPTION,PROJECT_PORTION_ASSUMPTIONS,VERIFIED,0.95,Diced potato
Veg Jaipuri,Cauliflower,20.0,RAW_INGREDIENT_GRAM_PER_SERVING,PROJECT_ASSUMPTION,PROJECT_PORTION_ASSUMPTIONS,VERIFIED,1.0,Cauliflower florets
Veg Jaipuri,Green peas,15.0,RAW_INGREDIENT_GRAM_PER_SERVING,PROJECT_ASSUMPTION,PROJECT_PORTION_ASSUMPTIONS,VERIFIED,1.0,Green peas
Veg Jaipuri,Paneer,15.0,RAW_INGREDIENT_GRAM_PER_SERVING,PROJECT_ASSUMPTION,PROJECT_PORTION_ASSUMPTIONS,VERIFIED,1.0,Diced paneer
Veg Jaipuri,Tomato,15.0,RAW_INGREDIENT_GRAM_PER_SERVING,PROJECT_ASSUMPTION,PROJECT_PORTION_ASSUMPTIONS,VERIFIED,0.95,Tomato base
Veg Jaipuri,Onion,10.0,RAW_INGREDIENT_GRAM_PER_SERVING,PROJECT_ASSUMPTION,PROJECT_PORTION_ASSUMPTIONS,VERIFIED,0.95,Onion base
Veg Jaipuri,Vegetable oil,5.0,RAW_INGREDIENT_GRAM_PER_SERVING,PROJECT_ASSUMPTION,PROJECT_PORTION_ASSUMPTIONS,VERIFIED,0.95,Cooking oil
Veg Jalfrazi,"Capsicum, green",25.0,RAW_INGREDIENT_GRAM_PER_SERVING,PROJECT_ASSUMPTION,PROJECT_PORTION_ASSUMPTIONS,VERIFIED,1.0,Julienned bell pepper
Veg Jalfrazi,Carrot,20.0,RAW_INGREDIENT_GRAM_PER_SERVING,PROJECT_ASSUMPTION,PROJECT_PORTION_ASSUMPTIONS,VERIFIED,1.0,Julienned carrot
Veg Jalfrazi,French beans,20.0,RAW_INGREDIENT_GRAM_PER_SERVING,PROJECT_ASSUMPTION,PROJECT_PORTION_ASSUMPTIONS,VERIFIED,1.0,French beans
Veg Jalfrazi,Tomato,15.0,RAW_INGREDIENT_GRAM_PER_SERVING,PROJECT_ASSUMPTION,PROJECT_PORTION_ASSUMPTIONS,VERIFIED,0.95,Tomato base
Veg Jalfrazi,Onion,10.0,RAW_INGREDIENT_GRAM_PER_SERVING,PROJECT_ASSUMPTION,PROJECT_PORTION_ASSUMPTIONS,VERIFIED,0.95,Onion slices
Veg Jalfrazi,Vegetable oil,5.0,RAW_INGREDIENT_GRAM_PER_SERVING,PROJECT_ASSUMPTION,PROJECT_PORTION_ASSUMPTIONS,VERIFIED,0.95,Cooking oil
Veg Kofta Curry,Bottle gourd,35.0,RAW_INGREDIENT_GRAM_PER_SERVING,PROJECT_ASSUMPTION,PROJECT_PORTION_ASSUMPTIONS,VERIFIED,1.0,Grated bottle gourd kofta
Veg Kofta Curry,Potato,15.0,RAW_INGREDIENT_GRAM_PER_SERVING,PROJECT_ASSUMPTION,PROJECT_PORTION_ASSUMPTIONS,VERIFIED,0.95,Mashed potato binder
Veg Kofta Curry,"Bengal gram, flour",15.0,RAW_INGREDIENT_GRAM_PER_SERVING,PROJECT_ASSUMPTION,PROJECT_PORTION_ASSUMPTIONS,VERIFIED,0.95,Besan binder
Veg Kofta Curry,Tomato,20.0,RAW_INGREDIENT_GRAM_PER_SERVING,PROJECT_ASSUMPTION,PROJECT_PORTION_ASSUMPTIONS,VERIFIED,0.95,Tomato gravy
Veg Kofta Curry,Onion,10.0,RAW_INGREDIENT_GRAM_PER_SERVING,PROJECT_ASSUMPTION,PROJECT_PORTION_ASSUMPTIONS,VERIFIED,0.95,Onion gravy
Veg Kofta Curry,Vegetable oil,10.0,RAW_INGREDIENT_GRAM_PER_SERVING,PROJECT_ASSUMPTION,PROJECT_PORTION_ASSUMPTIONS,VERIFIED,0.95,Deep frying kofta and curry oil
Veg Korma,Potato,20.0,RAW_INGREDIENT_GRAM_PER_SERVING,PROJECT_ASSUMPTION,PROJECT_PORTION_ASSUMPTIONS,VERIFIED,0.95,Diced potato
Veg Korma,Carrot,20.0,RAW_INGREDIENT_GRAM_PER_SERVING,PROJECT_ASSUMPTION,PROJECT_PORTION_ASSUMPTIONS,VERIFIED,1.0,Diced carrot
Veg Korma,Green peas,15.0,RAW_INGREDIENT_GRAM_PER_SERVING,PROJECT_ASSUMPTION,PROJECT_PORTION_ASSUMPTIONS,VERIFIED,1.0,Green peas
Veg Korma,French beans,15.0,RAW_INGREDIENT_GRAM_PER_SERVING,PROJECT_ASSUMPTION,PROJECT_PORTION_ASSUMPTIONS,VERIFIED,1.0,Green beans
Veg Korma,Curd / Dahi,15.0,RAW_INGREDIENT_GRAM_PER_SERVING,PROJECT_ASSUMPTION,PROJECT_PORTION_ASSUMPTIONS,APPROXIMATE,0.9,Korma curd base
Veg Korma,"Coconut, dry",5.0,RAW_INGREDIENT_GRAM_PER_SERVING,PROJECT_ASSUMPTION,PROJECT_PORTION_ASSUMPTIONS,VERIFIED,1.0,Coconut paste
Veg Korma,Vegetable oil,5.0,RAW_INGREDIENT_GRAM_PER_SERVING,PROJECT_ASSUMPTION,PROJECT_PORTION_ASSUMPTIONS,VERIFIED,0.95,Cooking oil
Veg Manchurian,Cabbage,35.0,RAW_INGREDIENT_GRAM_PER_SERVING,PROJECT_ASSUMPTION,PROJECT_PORTION_ASSUMPTIONS,VERIFIED,1.0,Finely shredded cabbage ball
Veg Manchurian,Carrot,20.0,RAW_INGREDIENT_GRAM_PER_SERVING,PROJECT_ASSUMPTION,PROJECT_PORTION_ASSUMPTIONS,VERIFIED,1.0,Grated carrot
Veg Manchurian,"Wheat flour, refined",15.0,RAW_INGREDIENT_GRAM_PER_SERVING,PROJECT_ASSUMPTION,PROJECT_PORTION_ASSUMPTIONS,VERIFIED,1.0,Binding flour
Veg Manchurian,Onion,10.0,RAW_INGREDIENT_GRAM_PER_SERVING,PROJECT_ASSUMPTION,PROJECT_PORTION_ASSUMPTIONS,VERIFIED,0.95,Spring/regular onion
Veg Manchurian,Vegetable oil,8.0,RAW_INGREDIENT_GRAM_PER_SERVING,PROJECT_ASSUMPTION,PROJECT_PORTION_ASSUMPTIONS,VERIFIED,0.95,Frying oil uptake
Vermicelli Payasam,"Wheat, vermicelli",20.0,RAW_INGREDIENT_GRAM_PER_SERVING,PROJECT_ASSUMPTION,PROJECT_PORTION_ASSUMPTIONS,VERIFIED,1.0,Sevai
Vermicelli Payasam,"Milk, whole, cow",80.0,RAW_INGREDIENT_GRAM_PER_SERVING,PROJECT_ASSUMPTION,PROJECT_PORTION_ASSUMPTIONS,VERIFIED,1.0,Whole milk base
Vermicelli Payasam,"Sugar, refined",12.0,RAW_INGREDIENT_GRAM_PER_SERVING,PROJECT_ASSUMPTION,PROJECT_PORTION_ASSUMPTIONS,VERIFIED,0.95,Refined sweetening sugar
Vermicelli Payasam,Ghee,3.0,RAW_INGREDIENT_GRAM_PER_SERVING,PROJECT_ASSUMPTION,PROJECT_PORTION_ASSUMPTIONS,VERIFIED,1.0,Roasting ghee
Vermicelli Pudding with Condensed Milk,"Wheat, vermicelli",20.0,RAW_INGREDIENT_GRAM_PER_SERVING,PROJECT_ASSUMPTION,PROJECT_PORTION_ASSUMPTIONS,VERIFIED,1.0,Sevai
Vermicelli Pudding with Condensed Milk,"Milk, whole, cow",40.0,RAW_INGREDIENT_GRAM_PER_SERVING,PROJECT_ASSUMPTION,PROJECT_PORTION_ASSUMPTIONS,VERIFIED,1.0,Whole milk
Vermicelli Pudding with Condensed Milk,Condensed milk,25.0,RAW_INGREDIENT_GRAM_PER_SERVING,PROJECT_ASSUMPTION,PROJECT_PORTION_ASSUMPTIONS,VERIFIED,0.95,Sweetened condensed milk
Vermicelli Pudding with Condensed Milk,"Sugar, refined",5.0,RAW_INGREDIENT_GRAM_PER_SERVING,PROJECT_ASSUMPTION,PROJECT_PORTION_ASSUMPTIONS,VERIFIED,0.95,Sugar
White Chana,Kabuli chana,30.0,RAW_INGREDIENT_GRAM_PER_SERVING,PROJECT_ASSUMPTION,PROJECT_PORTION_ASSUMPTIONS,APPROXIMATE,0.85,Raw kabuli chana issuance
White Chana,Tomato,15.0,RAW_INGREDIENT_GRAM_PER_SERVING,PROJECT_ASSUMPTION,PROJECT_PORTION_ASSUMPTIONS,VERIFIED,0.95,Tomato gravy
White Chana,Onion,15.0,RAW_INGREDIENT_GRAM_PER_SERVING,PROJECT_ASSUMPTION,PROJECT_PORTION_ASSUMPTIONS,VERIFIED,0.95,Onion base
White Chana,Vegetable oil,5.0,RAW_INGREDIENT_GRAM_PER_SERVING,PROJECT_ASSUMPTION,PROJECT_PORTION_ASSUMPTIONS,VERIFIED,0.95,Cooking oil
White Chana,Ginger,2.0,RAW_INGREDIENT_GRAM_PER_SERVING,PROJECT_ASSUMPTION,PROJECT_PORTION_ASSUMPTIONS,VERIFIED,1.0,Fresh ginger
Yellow Dal Tadka,"Red gram, dal",30.0,RAW_INGREDIENT_GRAM_PER_SERVING,PROJECT_ASSUMPTION,PROJECT_PORTION_ASSUMPTIONS,VERIFIED,1.0,Raw toor dal issuance
Yellow Dal Tadka,Tomato,10.0,RAW_INGREDIENT_GRAM_PER_SERVING,PROJECT_ASSUMPTION,PROJECT_PORTION_ASSUMPTIONS,VERIFIED,0.95,Tomato base
Yellow Dal Tadka,Onion,10.0,RAW_INGREDIENT_GRAM_PER_SERVING,PROJECT_ASSUMPTION,PROJECT_PORTION_ASSUMPTIONS,VERIFIED,0.95,Onion base
Yellow Dal Tadka,Ghee,5.0,RAW_INGREDIENT_GRAM_PER_SERVING,PROJECT_ASSUMPTION,PROJECT_PORTION_ASSUMPTIONS,VERIFIED,1.0,Tadka ghee
Yellow Dal Tadka,Garlic,2.0,RAW_INGREDIENT_GRAM_PER_SERVING,PROJECT_ASSUMPTION,PROJECT_PORTION_ASSUMPTIONS,VERIFIED,0.95,Garlic cloves
Yellow Dal Tadka,Cumin seeds,1.0,RAW_INGREDIENT_GRAM_PER_SERVING,PROJECT_ASSUMPTION,PROJECT_PORTION_ASSUMPTIONS,VERIFIED,1.0,Cumin tempering
