ifct_code,food_name,scientific_name,food_group,dietary_tag,energy_kcal_per_100g,protein_g_per_100g,fat_g_per_100g,carbohydrate_g_per_100g,fibre_g_per_100g,calcium_mg_per_100g,iron_mg_per_100g,potassium_mg_per_100g,sodium_mg_per_100g,water_g_per_100g,source_class
A001,"Amaranth seed, black",Amaranthus cruentus,Cereals and Millets,VEGETARIAN,356.12,14.59,5.74,59.98,7.02,181.0,9.33,433.0,2.7,9.89,IFCT_DERIVED
A002,"Amaranth seed, pale brown",Amaranthus cruentus,Cereals and Millets,VEGETARIAN,355.88,13.27,5.56,61.46,7.47,162.0,8.02,413.0,2.81,9.2,IFCT_DERIVED
A003,Bajra,Pennisetum typhoideum,Cereals and Millets,VEGETARIAN,347.99,10.96,5.43,61.78,11.49,27.35,6.42,365.0,4.11,8.97,IFCT_DERIVED
A004,Barley,Hordeum vulgare,Cereals and Millets,VEGETARIAN,315.73,10.94,1.3,61.29,15.64,28.64,1.56,268.0,7.56,9.77,IFCT_DERIVED
A005,Jowar,Sorghum vulgare,Cereals and Millets,VEGETARIAN,334.13,9.97,1.73,67.68,10.22,27.6,3.95,328.0,5.42,9.01,IFCT_DERIVED
A006,"Maize, dry",Zea mays,Cereals and Millets,VEGETARIAN,334.13,8.8,3.77,64.77,12.24,8.91,2.49,291.0,4.44,9.26,IFCT_DERIVED
A007,"Maize, tender, local",Zea mays,Cereals and Millets,VEGETARIAN,119.98,3.57,1.4,22.69,3.67,6.35,0.71,167.0,2.24,68.29,IFCT_DERIVED
A008,"Maize, tender, sweet",Zea mays,Cereals and Millets,VEGETARIAN,96.8,4.16,1.35,16.42,3.3,6.37,0.54,297.0,2.23,74.4,IFCT_DERIVED
A009,Quinoa,Chenopodium quinoa,Cereals and Millets,VEGETARIAN,328.39,13.11,5.5,53.65,14.66,198.0,7.51,474.0,4.5,10.43,IFCT_DERIVED
A010,Ragi,Eleusine coracana,Cereals and Millets,VEGETARIAN,320.75,7.16,1.92,66.82,11.18,364.0,4.62,443.0,4.75,10.89,IFCT_DERIVED
A011,"Rice, flakes",Oryza sativa,Cereals and Millets,VEGETARIAN,353.73,7.44,1.14,76.75,3.46,9.19,4.46,148.0,2.58,10.36,IFCT_DERIVED
A012,"Rice, puffed",Oryza sativa,Cereals and Millets,VEGETARIAN,361.85,7.47,1.62,77.68,2.56,15.09,4.55,140.0,3.69,9.4,IFCT_DERIVED
A013,"Rice, raw, brown",Oryza sativa,Cereals and Millets,VEGETARIAN,353.73,9.16,1.24,74.8,4.43,10.93,1.02,199.0,3.64,9.33,IFCT_DERIVED
A014,"Rice, parboiled, milled",Oryza sativa,Cereals and Millets,VEGETARIAN,351.58,7.81,0.55,77.16,3.74,8.11,0.72,142.0,3.16,10.09,IFCT_DERIVED
A015,"Rice, raw, milled",Oryza sativa,Cereals and Millets,VEGETARIAN,356.36,7.94,0.52,78.24,2.81,7.49,0.65,108.0,2.34,9.93,IFCT_DERIVED
A016,Samai,Panicum sumatrense,Cereals and Millets,VEGETARIAN,346.32,10.13,3.89,65.55,7.72,16.06,1.26,105.0,4.77,11.36,IFCT_DERIVED
A017,Varagu,Setaria italica,Cereals and Millets,VEGETARIAN,331.74,8.92,2.55,66.19,6.39,15.27,2.34,94.0,3.35,14.23,IFCT_DERIVED
A018,"Wheat flour, refined",Triticum aestivum,Cereals and Millets,VEGETARIAN,351.82,10.36,0.76,74.27,2.76,20.4,1.77,148.0,1.54,11.34,IFCT_DERIVED
A019,"Wheat flour, atta",Triticum aestivum,Cereals and Millets,VEGETARIAN,320.27,10.57,1.53,64.17,11.36,30.94,4.1,311.0,2.04,11.1,IFCT_DERIVED
A020,"Wheat, whole",Triticum aestivum,Cereals and Millets,VEGETARIAN,321.94,10.59,1.47,64.72,11.23,39.36,3.97,366.0,2.5,10.58,IFCT_DERIVED
A021,"Wheat, bulgur",Triticum aestivum,Cereals and Millets,VEGETARIAN,341.78,10.84,1.45,69.06,8.81,27.09,3.86,330.0,2.09,8.61,IFCT_DERIVED
A022,"Wheat, semolina",Triticum aestivum,Cereals and Millets,VEGETARIAN,333.65,11.38,0.74,68.43,9.72,29.38,2.98,284.0,2.31,8.94,IFCT_DERIVED
A023,"Wheat, vermicelli",Triticum aestivum,Cereals and Millets,VEGETARIAN,332.7,9.7,0.45,70.39,9.28,19.42,2.02,163.0,2.71,9.59,IFCT_DERIVED
A024,"Wheat, vermicelli, roasted",Triticum aestivum,Cereals and Millets,VEGETARIAN,340.11,10.37,0.49,71.42,9.55,22.63,2.09,177.0,3.43,7.61,IFCT_DERIVED
B001,"Bengal gram, dal",Cicer arietinum,Grain Legumes,VEGETARIAN,329.11,21.55,5.31,46.72,15.15,46.32,6.08,957.0,20.83,9.18,IFCT_DERIVED
B002,"Bengal gram, whole",Cicer arietinum,Grain Legumes,VEGETARIAN,287.05,18.77,5.11,39.56,25.22,150.0,6.78,935.0,26.56,8.56,IFCT_DERIVED
B003,"Black gram, dal",Phaseolus mungo,Grain Legumes,VEGETARIAN,324.09,23.06,1.69,51.0,11.93,55.67,4.67,1157.0,18.88,9.16,IFCT_DERIVED
B004,"Black gram, whole",Phaseolus mungo,Grain Legumes,VEGETARIAN,291.35,21.97,1.58,43.99,20.41,86.18,5.97,1093.0,26.8,8.7,IFCT_DERIVED
B005,"Cowpea, brown",Vigna catjang,Grain Legumes,VEGETARIAN,320.27,20.36,1.15,54.62,11.54,81.73,5.9,1241.0,13.68,9.42,IFCT_DERIVED
B006,"Cowpea, white",Vigna catjang,Grain Legumes,VEGETARIAN,320.27,21.25,1.14,53.77,11.7,84.1,5.04,1243.0,12.52,9.32,IFCT_DERIVED
B007,"Field bean, black",Phaseolus vulgaris,Grain Legumes,VEGETARIAN,276.05,19.93,0.92,43.46,23.4,78.16,4.5,1272.0,1.35,9.57,IFCT_DERIVED
B008,"Field bean, brown",Phaseolus vulgaris,Grain Legumes,VEGETARIAN,282.98,19.9,0.98,45.24,22.4,75.2,4.99,1245.0,1.41,8.74,IFCT_DERIVED
B009,"Field bean, white",Phaseolus vulgaris,Grain Legumes,VEGETARIAN,280.35,19.84,0.94,44.53,22.99,77.24,5.5,1360.0,1.7,8.61,IFCT_DERIVED
B010,"Green gram, dal",Vigna radiata,Grain Legumes,VEGETARIAN,325.76,23.88,1.35,52.59,9.37,43.13,3.93,1268.0,10.14,9.77,IFCT_DERIVED
B011,"Green gram, whole",Vigna radiata,Grain Legumes,VEGETARIAN,293.74,22.53,1.14,46.13,17.04,92.43,4.89,1177.0,12.48,9.95,IFCT_DERIVED
B012,"Horse gram, whole",Dolicus biflorus,Grain Legumes,VEGETARIAN,329.59,21.73,0.62,57.24,7.88,269.0,8.76,1065.0,12.14,9.28,IFCT_DERIVED
B013,"Lentil, dal",Lens culinaris,Grain Legumes,VEGETARIAN,322.42,24.35,0.75,52.53,10.43,44.32,7.06,786.0,10.27,9.71,IFCT_DERIVED
B014,"Lentil, whole, brown",Lens culinaris,Grain Legumes,VEGETARIAN,299.0,22.49,0.64,48.47,16.82,76.13,7.57,756.0,11.2,9.2,IFCT_DERIVED
B015,"Lentil, whole, yellowish",Lens culinaris,Grain Legumes,VEGETARIAN,297.8,22.87,0.61,47.91,16.66,76.66,7.91,764.0,10.87,9.75,IFCT_DERIVED
B016,Moth bean,Vigna aconitifolia,Grain Legumes,VEGETARIAN,308.56,19.75,1.76,52.09,15.12,154.0,7.9,1356.0,26.34,8.14,IFCT_DERIVED
B017,"Peas, dry",Pisum sativum,Grain Legumes,VEGETARIAN,303.3,20.43,1.89,48.93,17.01,75.11,5.09,922.0,23.4,9.33,IFCT_DERIVED
B018,"Rajmah, black",Phaseolus vulgaris,Grain Legumes,VEGETARIAN,298.04,19.01,1.62,49.59,17.74,134.0,6.17,1362.0,9.4,8.69,IFCT_DERIVED
B019,"Rajmah, brown",Phaseolus vulgaris,Grain Legumes,VEGETARIAN,297.56,19.5,1.68,48.83,16.95,134.0,6.3,1366.0,10.47,9.68,IFCT_DERIVED
B020,"Rajmah, red",Phaseolus vulgaris,Grain Legumes,VEGETARIAN,299.24,19.91,1.77,48.61,16.57,126.0,6.13,1324.0,10.45,9.87,IFCT_DERIVED
B021,"Red gram, dal",Cajanus cajan,Grain Legumes,VEGETARIAN,330.78,21.7,1.56,55.23,9.06,71.73,3.9,1395.0,18.01,9.2,IFCT_DERIVED
B022,"Red gram, whole",Cajanus cajan,Grain Legumes,VEGETARIAN,273.9,20.47,1.38,42.48,22.84,139.0,5.37,1303.0,19.03,9.3,IFCT_DERIVED
B023,Ricebean,Vigna umbellata,Grain Legumes,VEGETARIAN,302.34,19.97,0.74,51.26,13.37,200.0,4.76,1196.0,10.62,11.12,IFCT_DERIVED
B024,"Soya bean, brown",Glycine max,Grain Legumes,VEGETARIAN,381.45,35.58,19.82,12.79,21.55,239.0,8.29,1613.0,2.07,5.51,IFCT_DERIVED
B025,"Soya bean, white",Glycine max Merr,Grain Legumes,VEGETARIAN,377.39,37.8,19.42,10.16,22.63,195.0,8.22,1634.0,2.83,5.47,IFCT_DERIVED
C001,Agathi leaves,Sesbania grandiflora,Green Leafy Vegetables,VEGETARIAN,70.51,8.01,1.35,5.21,8.6,901.0,4.36,674.0,18.12,74.43,IFCT_DERIVED
C002,"Amaranth leaves, green",Amaranthus gangeticus,Green Leafy Vegetables,VEGETARIAN,30.59,3.29,0.65,2.28,4.41,330.0,4.64,572.0,16.08,86.85,IFCT_DERIVED
C003,"Amaranth leaves, red",Amaranthus gangeticus,Green Leafy Vegetables,VEGETARIAN,33.46,3.93,0.63,2.37,4.91,245.0,7.25,564.0,14.58,85.56,IFCT_DERIVED
C004,"Amaranth leaves, red and green",Amaranthus gangeticus,Green Leafy Vegetables,VEGETARIAN,31.55,3.09,0.53,2.87,4.6,269.0,5.28,597.0,17.55,86.37,IFCT_DERIVED
C005,"Amaranth, spinous, leaves, green",Amaranth spinosus,Green Leafy Vegetables,VEGETARIAN,26.29,3.54,0.36,1.61,5.1,359.0,6.37,569.0,15.66,86.46,IFCT_DERIVED
C006,"Amaranth, spinous, leaves, red and green",Amaranth spinosus,Green Leafy Vegetables,VEGETARIAN,23.66,2.8,0.34,1.45,5.57,372.0,4.58,588.0,16.27,86.64,IFCT_DERIVED
C007,Basella leaves,Basella alba,Green Leafy Vegetables,VEGETARIAN,19.6,1.57,0.45,2.01,2.21,93.89,4.2,337.0,18.74,92.68,IFCT_DERIVED
C008,Bathua leaves,Chenopodium album.,Green Leafy Vegetables,VEGETARIAN,27.72,2.5,0.44,2.56,4.01,211.0,2.66,438.0,10.75,88.77,IFCT_DERIVED
C009,Beetroot leaves,Beta vulgaris,Green Leafy Vegetables,VEGETARIAN,34.66,2.38,0.75,3.86,3.64,151.0,5.8,530.0,111.0,86.68,IFCT_DERIVED
C010,"Betel leaves, big (kolkata)",Piper betle,Green Leafy Vegetables,VEGETARIAN,48.28,2.51,0.75,7.37,2.12,207.0,3.0,649.0,16.8,84.93,IFCT_DERIVED
C011,"Betel leaves, small",Piper betle,Green Leafy Vegetables,VEGETARIAN,43.74,2.62,0.75,6.16,1.97,196.0,2.87,678.0,14.04,85.92,IFCT_DERIVED
C012,Brussels sprouts,Brassica oleracea var. gemmifera,Green Leafy Vegetables,VEGETARIAN,44.22,4.26,0.5,5.09,4.29,53.99,1.54,639.0,18.51,84.39,IFCT_DERIVED
C013,"Cabbage, Chinese",Brassica rupa,Green Leafy Vegetables,VEGETARIAN,17.93,1.58,0.13,2.36,2.01,58.46,0.39,258.0,20.28,93.19,IFCT_DERIVED
C014,"Cabbage, collard greens",Brassica oleracea var. Viridis,Green Leafy Vegetables,VEGETARIAN,30.11,3.63,0.27,2.79,2.98,170.0,2.67,292.0,22.98,89.53,IFCT_DERIVED
C015,"Cabbage, green",Brassica oleracea var. capitata f. alba,Green Leafy Vegetables,VEGETARIAN,21.51,1.36,0.12,3.25,2.76,51.76,0.35,233.0,14.98,91.85,IFCT_DERIVED
C016,"Cabbage, violet",Brassica oleracea var. capitata f. rubra,Green Leafy Vegetables,VEGETARIAN,23.18,1.39,0.21,3.54,2.21,48.0,0.24,201.0,24.0,91.94,IFCT_DERIVED
C017,Cauliflower leaves,Brassica oleracea var. botrytis,Green Leafy Vegetables,VEGETARIAN,35.37,3.9,0.42,3.39,3.43,96.7,2.42,374.0,24.31,87.64,IFCT_DERIVED
C018,"Colocasia leaves, green",Colocasia antiquorum,Green Leafy Vegetables,VEGETARIAN,43.5,3.42,1.38,3.69,5.6,216.0,3.41,404.0,12.08,83.61,IFCT_DERIVED
C019,Drumstick leaves,Moringa oleifera,Green Leafy Vegetables,VEGETARIAN,67.4,6.41,1.64,5.62,8.21,314.0,4.56,397.0,9.34,75.65,IFCT_DERIVED
C020,Fenugreek leaves,Trigonella foenum-graecum,Green Leafy Vegetables,VEGETARIAN,34.42,3.68,0.83,2.17,4.9,274.0,5.69,226.0,47.01,86.73,IFCT_DERIVED
C021,Garden cress,Lepidium sativum,Green Leafy Vegetables,VEGETARIAN,49.71,5.62,0.8,4.48,2.6,217.0,6.19,379.0,25.35,84.02,IFCT_DERIVED
C022,"Gogu leaves, green stem",Hibiscus cannabinus,Green Leafy Vegetables,VEGETARIAN,36.33,1.86,1.09,4.06,4.59,145.0,7.65,260.0,12.34,87.42,IFCT_DERIVED
C023,"Gogu leaves, red stem",Hibiscus cannabinus,Green Leafy Vegetables,VEGETARIAN,36.57,1.85,1.07,4.24,3.89,129.0,9.56,161.0,14.08,87.98,IFCT_DERIVED
C024,"Knol-Khol, leaves",Brassica oleracea,Green Leafy Vegetables,VEGETARIAN,42.54,3.12,0.35,6.16,2.76,368.0,2.51,309.0,26.8,86.2,IFCT_DERIVED
C025,Lettuce,Lactuca sativa,Green Leafy Vegetables,VEGETARIAN,21.75,1.54,0.27,3.01,1.79,56.71,2.73,279.0,17.53,92.27,IFCT_DERIVED
C026,Mustard leaves,Brassica juncea,Green Leafy Vegetables,VEGETARIAN,30.35,3.52,0.51,2.41,3.92,191.0,2.84,403.0,19.14,88.17,IFCT_DERIVED
C027,Pak Choi leaves,Brassica rapa var. chinensis,Green Leafy Vegetables,VEGETARIAN,16.01,1.41,0.25,1.78,1.91,150.0,3.78,250.0,33.73,93.56,IFCT_DERIVED
C028,Parsley,Petroselinum crispum,Green Leafy Vegetables,VEGETARIAN,72.9,5.55,1.14,9.43,3.87,288.0,5.51,466.0,53.08,77.76,IFCT_DERIVED
C029,Ponnaganni,Alternanthera sessilis,Green Leafy Vegetables,VEGETARIAN,50.91,5.29,0.71,5.17,6.74,388.0,3.88,457.0,39.36,79.43,IFCT_DERIVED
C030,"Pumpkin leaves, tender",Cucurbit maxima,Green Leafy Vegetables,VEGETARIAN,44.22,4.21,0.74,4.75,2.25,271.0,5.58,423.0,12.2,85.82,IFCT_DERIVED
C031,Radish leaves,Raphanus sativus,Green Leafy Vegetables,VEGETARIAN,26.05,2.22,0.51,2.77,1.82,234.0,3.82,304.0,17.39,91.19,IFCT_DERIVED
C032,Rumex leaves,Rumex patientia,Green Leafy Vegetables,VEGETARIAN,19.6,1.62,0.33,2.33,1.27,131.0,3.67,336.0,19.95,93.18,IFCT_DERIVED
C033,Spinach,Spinacia oleracea,Green Leafy Vegetables,VEGETARIAN,24.38,2.14,0.64,2.05,2.38,82.29,2.95,625.0,42.55,90.31,IFCT_DERIVED
C034,"Tamarind leaves, tender",Tamaridus indica,Green Leafy Vegetables,VEGETARIAN,71.46,5.84,0.49,10.04,10.7,66.93,2.84,465.0,13.43,71.69,IFCT_DERIVED
D001,Ash gourd,Benincasa hispida,Other Vegetables,VEGETARIAN,17.45,0.79,0.14,2.84,3.37,19.39,0.47,372.0,0.77,92.17,IFCT_DERIVED
D002,"Bamboo shoot, tender",Bambusa vulgaris,Other Vegetables,VEGETARIAN,16.25,1.33,0.35,1.67,1.55,10.0,0.33,422.0,1.12,94.56,IFCT_DERIVED
D003,"Bean scarlet, tender",Phaseolus coccineus,Other Vegetables,VEGETARIAN,42.78,2.86,0.99,5.16,4.5,43.48,0.73,164.0,1.46,85.51,IFCT_DERIVED
D004,"Bitter gourd, jagged, teeth ridges, elongate",Momordica charantia,Other Vegetables,VEGETARIAN,20.79,1.44,0.24,2.82,3.78,21.36,1.15,326.0,13.09,90.87,IFCT_DERIVED
D005,"Bitter gourd, jagged, teeth ridges, short",Momordica charantia,Other Vegetables,VEGETARIAN,18.88,1.34,0.24,2.53,3.49,16.27,1.08,282.0,12.59,91.6,IFCT_DERIVED
D006,"Bitter gourd, jagged, smooth ridges, elongate",Momordica charantia,Other Vegetables,VEGETARIAN,19.36,1.61,0.26,2.29,3.72,17.62,1.28,356.0,11.16,91.24,IFCT_DERIVED
D007,"Bottle gourd, elongate, pale green",Lagenaria vulgaris,Other Vegetables,VEGETARIAN,10.99,0.53,0.13,1.68,2.12,15.42,0.26,124.0,1.46,95.17,IFCT_DERIVED
D008,"Bottle gourd, round, pale green",Lagenaria vulgaris,Other Vegetables,VEGETARIAN,13.62,0.42,0.12,2.53,2.1,15.05,0.28,116.0,1.52,94.5,IFCT_DERIVED
D009,"Bottle gourd, elongate, dark green",Lagenaria vulgaris,Other Vegetables,VEGETARIAN,12.91,0.49,0.13,2.25,2.11,16.64,0.34,171.0,1.35,94.63,IFCT_DERIVED
D010,Brinjal 1,Solanum melongena,Other Vegetables,VEGETARIAN,27.25,1.77,0.39,3.49,3.57,22.17,0.49,302.0,3.15,89.95,IFCT_DERIVED
D011,Brinjal 2,Solanum melongena,Other Vegetables,VEGETARIAN,23.66,1.82,0.34,2.71,4.01,17.13,0.44,206.0,3.92,90.28,IFCT_DERIVED
D012,Brinjal 3,Solanum melongena,Other Vegetables,VEGETARIAN,24.38,1.36,0.33,3.38,4.26,14.58,0.34,192.0,3.12,90.02,IFCT_DERIVED
D013,Brinjal 4,Solanum melongena,Other Vegetables,VEGETARIAN,23.9,1.51,0.31,3.19,4.04,13.39,0.38,268.0,3.31,90.28,IFCT_DERIVED
D014,Brinjal 5,Solanum melongena,Other Vegetables,VEGETARIAN,26.53,1.38,0.29,4.02,4.13,17.03,0.36,227.0,4.03,89.45,IFCT_DERIVED
D015,Brinjal 6,Solanum melongena,Other Vegetables,VEGETARIAN,23.18,1.46,0.29,3.29,3.68,17.17,0.39,289.0,3.75,90.57,IFCT_DERIVED
D016,Brinjal 7,Solanum melongena,Other Vegetables,VEGETARIAN,23.42,1.4,0.37,3.1,3.32,19.95,0.27,238.0,3.45,91.25,IFCT_DERIVED
D017,Brinjal 8,Solanum melongena,Other Vegetables,VEGETARIAN,27.96,1.82,0.33,3.75,4.01,21.0,0.42,284.0,4.73,89.28,IFCT_DERIVED
D018,Brinjal 9,Solanum melongena,Other Vegetables,VEGETARIAN,25.33,1.47,0.35,3.52,4.0,18.79,0.38,224.0,3.08,89.83,IFCT_DERIVED
D019,Brinjal 10,Solanum melongena,Other Vegetables,VEGETARIAN,27.72,1.68,0.25,4.08,3.9,15.59,0.41,252.0,4.35,89.38,IFCT_DERIVED
D020,Brinjal 11,Solanum melongena,Other Vegetables,VEGETARIAN,25.1,1.43,0.31,3.53,4.12,15.92,0.37,260.0,3.47,89.93,IFCT_DERIVED
D021,Brinjal 12,Solanum melongena,Other Vegetables,VEGETARIAN,22.23,1.6,0.27,2.73,3.89,19.85,0.37,259.0,3.88,90.94,IFCT_DERIVED
D022,Brinjal 13,Solanum melongena,Other Vegetables,VEGETARIAN,29.64,1.49,0.31,4.51,3.92,18.95,0.32,260.0,3.0,89.14,IFCT_DERIVED
D023,Brinjal 14,Solanum melongena,Other Vegetables,VEGETARIAN,25.33,1.56,0.35,3.27,3.87,14.43,0.32,246.0,3.71,90.31,IFCT_DERIVED
D024,Brinjal 15,Solanum melongena,Other Vegetables,VEGETARIAN,27.25,1.58,0.29,3.96,3.99,17.82,0.36,215.0,3.34,89.44,IFCT_DERIVED
D025,Brinjal 16,Solanum melongena,Other Vegetables,VEGETARIAN,24.62,1.26,0.34,3.46,3.74,18.33,0.32,294.0,3.22,90.39,IFCT_DERIVED
D026,Brinjal 17,Solanum melongena,Other Vegetables,VEGETARIAN,21.75,1.18,0.36,2.89,3.94,20.83,0.5,233.0,3.09,90.83,IFCT_DERIVED
D027,Brinjal 18,Solanum melongena,Other Vegetables,VEGETARIAN,27.72,1.47,0.33,4.1,4.38,16.24,0.38,208.0,3.63,89.07,IFCT_DERIVED
D028,Brinjal 19,Solanum melongena,Other Vegetables,VEGETARIAN,23.9,1.26,0.31,3.39,3.97,16.1,0.32,243.0,3.11,90.41,IFCT_DERIVED
D029,Brinjal 20,Solanum melongena,Other Vegetables,VEGETARIAN,23.66,1.44,0.34,3.15,3.73,14.36,0.33,239.0,3.58,90.65,IFCT_DERIVED
D030,Brinjal 21,Solanum melongena,Other Vegetables,VEGETARIAN,27.01,1.36,0.35,3.93,3.85,15.27,0.34,252.0,3.06,89.83,IFCT_DERIVED
D031,Brinjal - all varieties,Solanum melongena,Other Vegetables,VEGETARIAN,25.33,1.48,0.32,3.52,3.98,16.59,0.37,247.0,3.55,90.0,IFCT_DERIVED
D032,Broad beans,Vicia faba,Other Vegetables,VEGETARIAN,29.4,3.85,0.15,2.11,8.63,64.37,0.94,362.0,20.74,84.2,IFCT_DERIVED
D033,"Capsicum, green",Capsicum annuum,Other Vegetables,VEGETARIAN,16.25,1.11,0.34,1.84,2.06,14.75,0.48,154.0,1.84,93.89,IFCT_DERIVED
D034,"Capsicum, red",Capsicum annuum,Other Vegetables,VEGETARIAN,19.84,1.47,0.47,2.14,2.19,15.76,0.38,224.0,1.7,92.99,IFCT_DERIVED
D035,"Capsicum, yellow",Capsicum annuum,Other Vegetables,VEGETARIAN,18.64,1.35,0.41,1.95,2.19,19.13,0.69,242.0,1.56,93.38,IFCT_DERIVED
D036,Cauliflower,Brassica oleracea var. botrytis,Other Vegetables,VEGETARIAN,22.94,2.15,0.44,2.03,3.71,25.16,0.96,329.0,30.72,90.76,IFCT_DERIVED
D037,Celery stalk,Apium graveolens,Other Vegetables,VEGETARIAN,16.49,0.98,0.24,2.33,2.09,38.73,1.36,298.0,10.68,92.87,IFCT_DERIVED
D038,Cho-cho-marrow,Sechium edule,Other Vegetables,VEGETARIAN,18.88,0.66,0.15,3.47,1.55,18.64,0.48,120.0,1.28,93.78,IFCT_DERIVED
D039,Cluster beans,Cyamopsis tetragonobola,Other Vegetables,VEGETARIAN,40.15,3.55,0.37,4.91,4.83,121.0,3.9,301.0,4.05,84.65,IFCT_DERIVED
D040,"Colocasia, stem, black",Colocasia esculenta,Other Vegetables,VEGETARIAN,23.9,0.76,0.34,3.83,3.01,29.46,0.77,381.0,0.45,91.15,IFCT_DERIVED
D041,"Colocasia, stem, green",Colocasia esculenta,Other Vegetables,VEGETARIAN,19.36,0.91,0.22,2.86,2.33,40.21,0.55,414.0,0.6,92.67,IFCT_DERIVED
D042,"Corn, baby",Zea mays,Other Vegetables,VEGETARIAN,73.14,2.69,1.33,11.66,6.09,76.51,1.45,260.0,1.4,75.44,IFCT_DERIVED
D043,"Cucumber, green, elongate",Cucumis sativus,Other Vegetables,VEGETARIAN,19.6,0.71,0.16,3.48,2.14,16.39,0.46,183.0,6.33,92.96,IFCT_DERIVED
D044,"Cucumber, green, short",Cucumis sativus,Other Vegetables,VEGETARIAN,17.45,0.83,0.18,2.82,2.13,19.25,0.59,198.0,6.11,93.52,IFCT_DERIVED
D045,"Cucumber, orange, round",Cucumis sativus,Other Vegetables,VEGETARIAN,19.6,0.98,0.24,3.01,2.46,21.98,0.45,185.0,8.16,92.8,IFCT_DERIVED
D046,Drumstick,Moringa oleifera,Other Vegetables,VEGETARIAN,29.4,2.62,0.12,3.76,6.83,33.3,0.73,419.0,22.38,85.39,IFCT_DERIVED
D047,"Field beans, tender, broad",Phaseolus vulgaris,Other Vegetables,VEGETARIAN,30.83,3.06,0.64,2.75,5.64,70.57,1.95,345.0,14.14,86.98,IFCT_DERIVED
D048,"Field beans, tender, lean",Phaseolus vulgaris,Other Vegetables,VEGETARIAN,33.46,3.71,0.6,2.85,6.19,58.59,1.48,314.0,12.76,85.57,IFCT_DERIVED
D049,"French beans, country",Phaseolus vulgaris,Other Vegetables,VEGETARIAN,24.38,2.49,0.26,2.68,4.38,55.99,1.25,324.0,8.84,89.14,IFCT_DERIVED
D050,"French beans, hybrid",Phaseolus vulgaris,Other Vegetables,VEGETARIAN,22.23,2.12,0.19,2.63,4.18,49.9,0.98,317.0,9.18,90.11,IFCT_DERIVED
D051,"Jack fruit, raw",Artocarpus heterophyllus,Other Vegetables,VEGETARIAN,26.29,1.98,0.35,3.48,7.69,45.74,0.31,327.0,3.53,85.52,IFCT_DERIVED
D052,"Jack fruit, seeds, mature",Artocarpus heterophyllus,Other Vegetables,VEGETARIAN,76.96,5.79,0.44,11.81,8.63,37.56,0.37,376.0,4.0,72.32,IFCT_DERIVED
D053,Knol - Khol,Brassica oleracea,Other Vegetables,VEGETARIAN,16.01,1.58,0.35,1.39,2.75,35.26,0.24,327.0,27.46,93.14,IFCT_DERIVED
D054,"Kovai, big",Coccinia cordifolia,Other Vegetables,VEGETARIAN,17.45,1.39,0.24,2.01,3.0,34.39,0.38,198.0,1.53,92.78,IFCT_DERIVED
D055,"Kovai, small",Coccinia cordifolia,Other Vegetables,VEGETARIAN,19.12,1.22,0.24,2.41,3.25,37.12,0.29,167.0,2.2,92.4,IFCT_DERIVED
D056,Ladies finger,Abelmoschus esculentus,Other Vegetables,VEGETARIAN,27.49,2.08,0.22,3.62,4.08,86.12,0.84,263.0,7.37,89.06,IFCT_DERIVED
D057,"Mango, green, raw",Mangifera indica,Other Vegetables,VEGETARIAN,49.0,0.69,0.08,10.59,3.01,27.0,0.4,147.0,33.15,85.14,IFCT_DERIVED
D058,"Onion, stalk",Allium wakegi,Other Vegetables,VEGETARIAN,25.57,2.07,0.26,2.99,5.21,31.12,3.09,312.0,15.52,88.35,IFCT_DERIVED
D059,"Papaya, raw",Carica papaya,Other Vegetables,VEGETARIAN,23.9,0.5,0.23,4.4,2.28,22.72,0.2,173.0,7.55,92.04,IFCT_DERIVED
D060,Parwar,Trichosanthes dioica,Other Vegetables,VEGETARIAN,24.14,1.4,0.3,3.54,2.61,30.76,0.5,117.0,2.29,91.57,IFCT_DERIVED
D061,"Peas, fresh",Pisum sativum,Other Vegetables,VEGETARIAN,81.26,7.25,0.13,11.88,6.32,28.24,1.58,249.0,3.66,73.37,IFCT_DERIVED
D062,"Plantain, flower",Musa sapientum,Other Vegetables,VEGETARIAN,21.27,1.47,0.63,2.15,5.25,34.06,0.4,488.0,7.51,89.14,IFCT_DERIVED
D063,"Plantain, green",Musa sapientum,Other Vegetables,VEGETARIAN,79.83,1.18,0.23,17.58,3.6,13.8,0.34,402.0,18.57,76.15,IFCT_DERIVED
D064,"Plantain, stem",Musa sapientum,Other Vegetables,VEGETARIAN,39.44,0.35,0.16,8.64,2.12,11.24,0.26,373.0,23.17,87.53,IFCT_DERIVED
D065,"Pumpkin, green, cylindrical",Cucurbita maxima,Other Vegetables,VEGETARIAN,24.62,0.87,0.18,4.22,2.53,24.1,0.29,186.0,5.21,91.73,IFCT_DERIVED
D066,"Pumpkin, orange, round",Cucurbita maxima,Other Vegetables,VEGETARIAN,23.18,0.84,0.16,4.0,2.56,23.06,0.36,253.0,8.81,91.85,IFCT_DERIVED
D067,"Red gram, tender, fresh",Cajanus cajan,Other Vegetables,VEGETARIAN,124.28,8.09,0.92,19.46,5.9,58.58,1.18,616.0,2.54,64.0,IFCT_DERIVED
D068,Ridge gourd,Luffa acutangula,Other Vegetables,VEGETARIAN,13.15,0.91,0.14,1.72,1.81,13.7,0.42,118.0,4.71,94.99,IFCT_DERIVED
D069,"Ridge gourd, smooth skin",Luffa acutangula,Other Vegetables,VEGETARIAN,15.3,0.98,0.13,2.24,1.85,14.96,0.5,125.0,6.27,94.27,IFCT_DERIVED
D070,"Snake gourd, long, pale green",Trichosanthes anguina,Other Vegetables,VEGETARIAN,12.43,0.98,0.25,1.27,2.27,24.6,0.32,100.0,7.07,94.81,IFCT_DERIVED
D071,"Snake gourd, long, dark green",Trichosanthes anguina,Other Vegetables,VEGETARIAN,11.95,0.89,0.25,1.23,2.27,27.11,0.47,104.0,5.04,94.92,IFCT_DERIVED
D072,"Snake gourd, short",Trichosanthes anguina,Other Vegetables,VEGETARIAN,14.58,0.54,0.26,2.15,2.29,17.9,0.2,84.0,2.5,94.35,IFCT_DERIVED
D073,"Tinda, tender",Praecitrullus fistulosus,Other Vegetables,VEGETARIAN,13.86,1.02,0.17,1.9,2.0,19.68,0.41,56.18,20.61,94.41,IFCT_DERIVED
D074,"Tomato, green",Solanum lycopersicum,Other Vegetables,VEGETARIAN,20.79,1.12,0.27,3.18,1.62,8.49,0.42,225.0,13.11,93.21,IFCT_DERIVED
D075,"Tomato, ripe, hybrid",Solanum lycopersicum,Other Vegetables,VEGETARIAN,18.88,0.76,0.25,3.2,1.58,8.9,0.22,167.0,11.86,93.79,IFCT_DERIVED
D076,"Tomato, ripe, local",Solanum lycopersicum,Other Vegetables,VEGETARIAN,19.6,0.9,0.47,2.71,1.77,10.17,0.3,204.0,9.73,93.62,IFCT_DERIVED
D077,"Zucchini, green",Cucurbita pepo,Other Vegetables,VEGETARIAN,20.08,1.1,0.51,2.33,2.3,17.26,0.52,178.0,0.4,92.83,IFCT_DERIVED
D078,"Zucchini, yellow",Cucurbita pepo,Other Vegetables,VEGETARIAN,18.88,1.31,0.44,2.2,1.84,20.98,0.34,131.0,0.39,93.15,IFCT_DERIVED
E001,"Apple, big",Malus domestica,Fruits,VEGETARIAN,62.38,0.29,0.64,13.11,2.59,13.68,0.26,116.0,1.43,83.01,IFCT_DERIVED
E002,"Apple, green",Malus domestica,Fruits,VEGETARIAN,51.15,0.46,0.5,10.65,2.54,6.53,0.2,94.55,1.47,85.54,IFCT_DERIVED
E003,"Apple, small",Malus domestica,Fruits,VEGETARIAN,63.81,0.31,0.53,13.95,2.06,5.39,0.25,100.0,1.45,82.91,IFCT_DERIVED
E004,"Apple, small, Kashmir",Malus domestica,Fruits,VEGETARIAN,64.29,0.27,0.6,13.99,2.07,4.72,0.21,106.0,1.22,82.79,IFCT_DERIVED
E005,"Apricot, dried",Prunus armeniaca,Fruits,VEGETARIAN,315.73,3.17,0.74,72.63,3.32,28.57,2.5,285.0,3.94,16.68,IFCT_DERIVED
E006,"Apricot, processed",Prunus armeniaca,Fruits,VEGETARIAN,56.41,1.47,0.64,10.93,0.59,5.42,1.12,95.0,1.6,85.75,IFCT_DERIVED
E007,Avocado fruit,Persea  americana,Fruits,VEGETARIAN,144.36,2.95,13.86,1.75,6.69,28.48,0.81,377.0,2.81,73.56,IFCT_DERIVED
E008,Bael fruit,Aegle marmelos,Fruits,VEGETARIAN,135.99,2.63,0.57,28.21,6.31,47.95,0.23,409.0,1.56,61.36,IFCT_DERIVED
E009,"Banana, ripe, montham",Musa x paradisiaca,Fruits,VEGETARIAN,110.66,1.25,0.32,24.95,2.21,6.77,0.4,362.0,1.25,70.13,IFCT_DERIVED
E010,"Banana, ripe, poovam",Musa x paradisiaca,Fruits,VEGETARIAN,106.36,1.49,0.35,23.41,2.33,8.73,0.35,335.0,1.0,71.32,IFCT_DERIVED
E011,"Banana, ripe, red",Musa paradisiaca,Fruits,VEGETARIAN,111.62,1.29,0.29,25.21,1.98,9.56,0.24,313.0,1.11,70.28,IFCT_DERIVED
E012,"Banana, ripe, robusta",Musa x paradisiaca,Fruits,VEGETARIAN,105.16,1.23,0.33,23.63,1.94,5.07,0.28,306.0,0.85,71.93,IFCT_DERIVED
E013,Black berry,Rubus sp.,Fruits,VEGETARIAN,54.25,0.92,0.63,10.64,4.35,23.81,0.63,205.0,1.21,82.94,IFCT_DERIVED
E014,"Cherries, red",Prunus avium,Fruits,VEGETARIAN,59.75,1.49,0.46,11.87,2.12,23.88,0.36,165.0,1.64,83.61,IFCT_DERIVED
E015,"Currants, black",Ribes nigrum,Fruits,VEGETARIAN,54.25,1.51,0.53,9.93,4.07,40.32,1.36,283.0,1.45,83.27,IFCT_DERIVED
E016,Custard apple,Annona squamosa,Fruits,VEGETARIAN,98.95,1.62,0.67,20.38,5.1,28.2,0.42,278.0,3.11,71.55,IFCT_DERIVED
E017,"Dates, dry, pale brown",Phoenix dactylifera,Fruits,VEGETARIAN,320.27,2.45,0.35,74.91,8.95,71.2,3.2,804.0,3.27,11.14,IFCT_DERIVED
E018,"Dates, dry, dark brown",Phoenix dactylifera,Fruits,VEGETARIAN,310.95,2.38,0.35,72.67,9.1,66.13,4.79,782.0,3.09,13.13,IFCT_DERIVED
E019,"Dates, processed",Phoenix dactylifera,Fruits,VEGETARIAN,286.09,1.18,0.41,67.95,6.52,15.73,0.89,289.0,1.6,22.01,IFCT_DERIVED
E020,Fig,Ficus Carica,Fruits,VEGETARIAN,81.5,2.03,0.37,16.28,4.64,78.52,0.69,231.0,2.37,75.6,IFCT_DERIVED
E021,Goosberry,Emblica officinalis,Fruits,VEGETARIAN,23.66,0.34,0.16,4.39,7.75,20.14,1.25,223.0,1.37,87.02,IFCT_DERIVED
E022,"Grapes, seeded, round, black",Vitis vinifera,Fruits,VEGETARIAN,60.71,0.76,0.32,13.23,1.35,10.57,0.22,171.0,1.93,83.88,IFCT_DERIVED
E023,"Grapes, seeded, round, green",Vitis vinifera,Fruits,VEGETARIAN,56.17,0.77,0.29,12.19,1.25,11.16,0.24,166.0,1.89,85.07,IFCT_DERIVED
E024,"Grapes, seeded, round, red",Vitis vinifera,Fruits,VEGETARIAN,58.32,0.95,0.29,12.55,1.28,11.27,0.33,188.0,1.59,84.46,IFCT_DERIVED
E025,"Grapes, seedless, oval, black",Vitis vinifera,Fruits,VEGETARIAN,94.41,1.41,0.46,20.48,1.64,15.26,0.28,237.0,1.83,75.3,IFCT_DERIVED
E026,"Grapes, seedless, round, green",Vitis vinifera,Fruits,VEGETARIAN,53.54,0.62,0.26,11.81,1.28,14.22,0.24,168.0,1.81,85.55,IFCT_DERIVED
E027,"Grapes, seedless, round, black",Vitis vinifera,Fruits,VEGETARIAN,89.39,1.24,0.35,19.86,1.15,18.75,0.39,235.0,1.92,76.9,IFCT_DERIVED
E028,"Guava, white flesh",Psidium guajava,Fruits,VEGETARIAN,32.27,1.44,0.32,5.13,8.59,18.52,0.32,283.0,2.87,83.79,IFCT_DERIVED
E029,"Guava, pink flesh",Psidium guajava,Fruits,VEGETARIAN,46.61,1.19,0.25,9.14,7.39,14.22,0.4,270.0,1.89,81.22,IFCT_DERIVED
E030,"Jack fruit, ripe",Artocarpus heterophyllus,Fruits,VEGETARIAN,72.18,2.74,0.15,14.01,3.62,35.03,0.36,279.0,1.62,78.56,IFCT_DERIVED
E031,"Jambu fruit, ripe",Syzygium samarangense,Fruits,VEGETARIAN,56.17,0.82,0.17,12.3,3.07,25.36,0.33,103.0,2.64,83.33,IFCT_DERIVED
E032,Karonda fruit,Carissa carandas,Fruits,VEGETARIAN,33.7,1.15,1.67,2.87,7.25,10.81,0.87,351.0,2.55,86.04,IFCT_DERIVED
E033,"Lemon, juice",Citrus limon,Fruits,VEGETARIAN,36.57,0.41,0.75,0.0,0.0,22.68,0.12,113.0,1.21,91.59,IFCT_DERIVED
E034,"Lime, sweet, pulp",Citrus limetta,Fruits,VEGETARIAN,27.25,0.76,0.2,5.18,2.07,25.79,0.11,182.0,1.17,91.32,IFCT_DERIVED
E035,Litchi,Litchi chinensis,Fruits,VEGETARIAN,53.78,0.99,0.26,11.41,1.34,5.77,0.79,161.0,0.54,85.56,IFCT_DERIVED
E036,"Mango, ripe, banganapalli",Mangifera indica,Fruits,VEGETARIAN,41.83,0.54,0.55,8.18,1.88,15.77,0.51,144.0,1.34,88.44,IFCT_DERIVED
E037,"Mango, ripe, gulabkhas",Mangifera indica,Fruits,VEGETARIAN,49.95,0.52,0.53,10.32,1.67,19.33,0.38,115.0,1.39,86.65,IFCT_DERIVED
E038,"Mango, ripe, himsagar",Mangifera indica,Fruits,VEGETARIAN,44.69,0.46,0.54,9.03,1.55,15.54,0.29,137.0,1.31,88.04,IFCT_DERIVED
E039,"Mango, ripe, kesar",Mangifera indica,Fruits,VEGETARIAN,55.21,0.54,0.57,11.36,2.02,15.74,0.43,143.0,1.43,85.07,IFCT_DERIVED
E040,"Mango, ripe, neelam",Mangifera indica,Fruits,VEGETARIAN,42.54,0.68,0.55,8.21,1.77,11.36,0.36,137.0,1.2,88.41,IFCT_DERIVED
E041,"Mango, ripe, paheri",Mangifera indica,Fruits,VEGETARIAN,44.93,0.68,0.58,8.67,1.97,15.11,0.51,153.0,1.63,87.69,IFCT_DERIVED
E042,"Mango, ripe, totapari",Mangifera indica,Fruits,VEGETARIAN,59.27,0.41,0.49,12.75,1.73,13.34,0.28,160.0,1.32,84.14,IFCT_DERIVED
E043,Mangosteen,Garcinia mangostana,Fruits,VEGETARIAN,52.34,0.63,0.24,11.41,1.87,4.69,0.28,46.93,3.79,85.52,IFCT_DERIVED
E044,Manila tamarind,Pithecellobium dulce,Fruits,VEGETARIAN,81.74,3.56,1.14,13.54,4.4,8.51,0.71,376.0,1.35,74.54,IFCT_DERIVED
E045,"Musk melon, orange flesh",Cucumis melon,Fruits,VEGETARIAN,23.18,0.42,0.35,4.24,1.51,9.8,0.18,206.0,14.94,92.97,IFCT_DERIVED
E046,"Musk melon, yellow flesh",Cucumis melo,Fruits,VEGETARIAN,27.72,0.53,0.26,5.4,1.49,9.02,0.21,196.0,15.78,91.84,IFCT_DERIVED
E047,"Orange, pulp",Citrus aurantium,Fruits,VEGETARIAN,37.28,0.7,0.13,7.92,1.29,19.52,0.81,164.0,1.47,89.61,IFCT_DERIVED
E048,"Palm fruit, tender",Borassus flabellifer,Fruits,VEGETARIAN,24.14,0.5,0.12,4.92,2.4,0.0,0.0,158.0,1.25,91.93,IFCT_DERIVED
E049,"Papaya, ripe",Carcia papaya,Fruits,VEGETARIAN,23.9,0.42,0.16,4.61,2.83,15.02,0.23,173.0,6.68,91.47,IFCT_DERIVED
E050,Peach,Prunus communis,Fruits,VEGETARIAN,40.15,0.86,0.37,7.82,2.13,6.98,0.35,281.0,1.15,88.31,IFCT_DERIVED
E051,Pear,Pyrus sp.,Fruits,VEGETARIAN,37.52,0.36,0.27,8.09,4.48,6.55,0.28,106.0,1.64,86.49,IFCT_DERIVED
E052,Phalsa,Grewia asiatica,Fruits,VEGETARIAN,71.46,1.66,0.14,15.09,4.54,153.0,2.01,362.0,1.99,77.48,IFCT_DERIVED
E053,Pineapple,Ananas comosus,Fruits,VEGETARIAN,43.02,0.52,0.16,9.42,3.46,10.88,0.28,143.0,1.43,86.06,IFCT_DERIVED
E054,Plum,Prunus domestica,Fruits,VEGETARIAN,56.88,0.64,0.4,12.1,2.07,7.61,0.25,162.0,1.55,84.44,IFCT_DERIVED
E055,"Pomegranate, maroon seeds",Punica granatum,Fruits,VEGETARIAN,54.73,1.33,0.15,11.58,2.83,10.65,0.31,206.0,2.13,83.55,IFCT_DERIVED
E056,Pummelo,Citrus maxima,Fruits,VEGETARIAN,50.19,0.68,0.42,10.64,0.8,14.03,0.06,189.0,1.06,86.97,IFCT_DERIVED
E057,"Raisins, dried, black",Vitis vinifera,Fruits,VEGETARIAN,305.69,2.57,0.34,71.29,3.92,73.24,6.81,1105.0,10.99,19.69,IFCT_DERIVED
E058,"Raisins, dried, golden",Vitis vinifera,Fruits,VEGETARIAN,296.61,2.76,0.35,68.79,4.56,51.83,4.26,913.0,10.16,21.5,IFCT_DERIVED
E059,Rambutan,Nephelium lappaceum,Fruits,VEGETARIAN,73.14,0.68,0.16,16.84,1.02,8.67,0.37,131.0,1.75,80.87,IFCT_DERIVED
E060,Sapota,Achras sapota,Fruits,VEGETARIAN,73.37,0.92,1.26,13.9,9.6,17.87,0.49,280.0,4.61,73.64,IFCT_DERIVED
E061,Soursop,Annona muricata,Fruits,VEGETARIAN,62.14,0.74,0.94,11.94,4.95,10.05,0.29,264.0,6.78,80.85,IFCT_DERIVED
E062,Star fruit,Averrhoa carambola,Fruits,VEGETARIAN,26.29,0.79,0.39,4.51,2.81,4.97,0.45,159.0,1.56,91.18,IFCT_DERIVED
E063,Strawberry,Fragaria ananassa,Fruits,VEGETARIAN,24.62,0.97,0.56,3.4,2.5,15.28,0.36,140.0,1.19,92.03,IFCT_DERIVED
E064,"Tamarind, pulp",Tamarindus indicus,Fruits,VEGETARIAN,288.48,2.92,0.15,67.35,5.31,149.0,9.16,836.0,24.92,20.83,IFCT_DERIVED
E065,"Water melon, dark green (sugar baby)",Citrullus vulgaris,Fruits,VEGETARIAN,20.32,0.6,0.16,3.86,0.7,5.29,0.22,124.0,1.89,94.54,IFCT_DERIVED
E066,"Water melon, pale green",Citrullus vulgaris,Fruits,VEGETARIAN,16.73,0.59,0.16,3.02,0.78,4.35,0.16,126.0,1.62,95.33,IFCT_DERIVED
E067,Wood apple,Limonia acidissima,Fruits,VEGETARIAN,78.15,3.14,3.62,7.52,5.21,55.71,0.45,347.0,1.48,79.36,IFCT_DERIVED
E068,Zizyphus,Zizyphus jujuba,Fruits,VEGETARIAN,48.76,1.34,0.35,9.4,3.73,46.55,0.4,237.0,1.52,84.39,IFCT_DERIVED
F001,Beetroot,Beta vulgaris,Roots and Tubers,VEGETARIAN,35.61,1.95,0.14,6.18,3.31,17.28,0.76,306.0,69.44,86.95,IFCT_DERIVED
F002,"Carrot, orange",Dacus carota,Roots and Tubers,VEGETARIAN,33.22,0.95,0.47,5.55,4.18,35.09,0.6,273.0,52.33,87.69,IFCT_DERIVED
F003,"Carrot, red",Dacus carota,Roots and Tubers,VEGETARIAN,38.24,1.04,0.47,6.71,4.49,41.06,0.71,267.0,60.69,86.07,IFCT_DERIVED
F004,Colocasia,Colocasia antiquorum,Roots and Tubers,VEGETARIAN,88.91,3.31,0.17,17.85,3.22,30.18,0.66,514.0,4.54,73.49,IFCT_DERIVED
F005,Lotus root,Nelumbium nelumbo,Roots and Tubers,VEGETARIAN,79.35,1.94,0.93,14.67,4.7,37.71,3.34,611.0,20.63,76.26,IFCT_DERIVED
F006,"Potato, brown skin, big",Solanum tuberosum,Roots and Tubers,VEGETARIAN,69.79,1.54,0.23,14.89,1.71,9.52,0.57,541.0,4.11,80.72,IFCT_DERIVED
F007,"Potato, brown skin, small",Solanum tuberosum,Roots and Tubers,VEGETARIAN,60.95,1.35,0.22,12.9,1.69,8.53,0.53,474.0,3.97,82.97,IFCT_DERIVED
F008,"Potato, red skin",Solanum tuberosum,Roots and Tubers,VEGETARIAN,73.14,1.83,0.22,15.43,1.68,8.62,0.66,501.0,4.36,79.72,IFCT_DERIVED
F009,"Radish, elongate, red skin",Raphanus sativus,Roots and Tubers,VEGETARIAN,32.03,0.67,0.13,6.71,2.46,28.44,0.37,255.0,24.73,89.32,IFCT_DERIVED
F010,"Radish, elongate, white skin",Raphanus sativus,Roots and Tubers,VEGETARIAN,32.27,0.77,0.15,6.56,2.65,30.2,0.36,288.0,28.2,89.05,IFCT_DERIVED
F011,"Radish, round, red skin",Raphanus sativus,Roots and Tubers,VEGETARIAN,31.07,0.89,0.16,6.07,2.29,35.76,0.42,308.0,32.27,89.68,IFCT_DERIVED
F012,"Radish, round, white skin",Raphanus sativus,Roots and Tubers,VEGETARIAN,30.83,0.8,0.14,6.13,2.37,34.23,0.41,287.0,24.14,89.76,IFCT_DERIVED
F013,"Sweet potato, brown skin",Ipomoea batatas,Roots and Tubers,VEGETARIAN,108.99,1.33,0.26,24.25,3.99,27.5,0.35,345.0,29.6,69.21,IFCT_DERIVED
F014,"Sweet potato, pink skin",Ipomoea batatas,Roots and Tubers,VEGETARIAN,108.03,1.27,0.33,23.93,3.94,28.93,0.51,329.0,29.04,69.58,IFCT_DERIVED
F015,Tapioca,Manihot esculenta,Roots and Tubers,VEGETARIAN,79.83,1.03,0.2,17.81,4.61,25.89,0.81,255.0,10.86,75.23,IFCT_DERIVED
F016,Water Chestnut,Eleocharis dulcis,Roots and Tubers,VEGETARIAN,95.6,0.86,0.37,21.46,3.02,37.15,0.77,382.0,13.08,73.34,IFCT_DERIVED
F017,"Yam, elephant",Amorphophallus paeoniifolius,Roots and Tubers,VEGETARIAN,84.37,2.56,0.14,17.46,4.17,46.91,1.22,501.0,14.33,74.39,IFCT_DERIVED
F018,"Yam, ordinary",Dioscorea strydomiana,Roots and Tubers,VEGETARIAN,83.41,2.18,0.17,17.65,4.08,16.19,0.77,463.0,15.28,74.28,IFCT_DERIVED
F019,"Yam, wild",Dioscorea villosa,Roots and Tubers,VEGETARIAN,102.77,3.07,0.3,20.95,4.57,44.13,1.04,654.0,12.8,69.35,IFCT_DERIVED
G001,"Chillies, green-1",Capsicum annum,Condiments and Spices,VEGETARIAN,45.65,2.62,0.73,6.32,4.86,24.1,1.46,431.0,3.32,84.47,IFCT_DERIVED
G002,"Chillies, green-2",Capsicum annum,Condiments and Spices,VEGETARIAN,39.91,2.28,0.75,5.27,5.13,16.86,1.24,321.0,2.47,85.72,IFCT_DERIVED
G003,"Chillies, green-3",Capsicum annum,Condiments and Spices,VEGETARIAN,40.39,2.38,0.75,5.23,5.1,18.04,1.25,317.0,2.56,85.59,IFCT_DERIVED
G004,"Chillies, green-4",Capsicum annum,Condiments and Spices,VEGETARIAN,45.41,2.33,0.74,6.63,4.15,15.87,1.08,318.0,1.94,85.29,IFCT_DERIVED
G005,"Chillies, green-5",Capsicum annum,Condiments and Spices,VEGETARIAN,43.02,2.01,0.65,6.64,3.95,15.31,0.93,317.0,2.19,85.93,IFCT_DERIVED
G006,"Chillies, green-6",Capsicum annum,Condiments and Spices,VEGETARIAN,41.83,3.01,0.64,5.31,5.15,24.82,0.75,340.0,2.43,84.93,IFCT_DERIVED
G007,"Chillies, green-7",Capsicum annum,Condiments and Spices,VEGETARIAN,38.96,2.12,0.6,5.61,4.95,16.85,1.23,319.0,2.0,85.83,IFCT_DERIVED
G008,"Chillies, green - all varieties",Capsicum annum,Condiments and Spices,VEGETARIAN,42.3,2.36,0.72,5.86,4.77,18.45,1.2,341.0,2.5,85.39,IFCT_DERIVED
G009,Coriander leaves,Coriandrum sativum,Condiments and Spices,VEGETARIAN,31.07,3.52,0.7,1.93,4.66,146.0,5.3,546.0,37.0,86.99,IFCT_DERIVED
G010,Curry leaves,Murraya koenigii,Condiments and Spices,VEGETARIAN,63.58,7.41,1.06,4.51,16.83,659.0,8.67,584.0,18.66,65.33,IFCT_DERIVED
G011,"Garlic, big cloves",Allium sativum,Condiments and Spices,VEGETARIAN,123.8,6.92,0.16,21.93,5.22,20.08,1.05,430.0,9.42,64.38,IFCT_DERIVED
G012,"Garlic, small cloves",Allium sativum,Condiments and Spices,VEGETARIAN,122.85,6.75,0.14,21.84,5.47,17.63,0.88,453.0,10.56,64.42,IFCT_DERIVED
G013,"Garlic, single clove, Kashmir",Allium sativum,Condiments and Spices,VEGETARIAN,125.0,6.12,0.16,23.46,4.01,19.0,1.01,584.0,8.87,64.49,IFCT_DERIVED
G014,"Ginger, fresh",Zinziber officinale,Condiments and Spices,VEGETARIAN,54.97,2.22,0.85,8.97,5.36,18.88,1.9,407.0,10.03,81.27,IFCT_DERIVED
G015,Mango ginger,Curcuma amada,Condiments and Spices,VEGETARIAN,42.3,1.45,0.7,6.98,4.74,13.74,2.31,384.0,5.51,84.55,IFCT_DERIVED
G016,Mint leaves,Mentha spicata,Condiments and Spices,VEGETARIAN,37.05,4.66,0.65,2.39,5.89,205.0,8.56,539.0,16.87,84.24,IFCT_DERIVED
G017,"Onion, big",Allium cepa,Condiments and Spices,VEGETARIAN,48.04,1.5,0.24,9.56,2.45,21.03,0.43,171.0,5.5,85.76,IFCT_DERIVED
G018,"Onion, small",Allium cepa,Condiments and Spices,VEGETARIAN,56.64,1.82,0.16,11.58,1.16,19.92,0.53,160.0,4.06,84.67,IFCT_DERIVED
G019,Asafoetida,Ferula assa-foetida,Condiments and Spices,VEGETARIAN,331.5,6.34,1.26,71.95,5.13,266.0,15.68,245.0,16.04,9.42,IFCT_DERIVED
G020,"Cardamom, green",Elettaria cardamomum,Condiments and Spices,VEGETARIAN,255.02,8.1,2.6,47.76,23.1,378.0,8.33,1262.0,15.51,11.24,IFCT_DERIVED
G021,"Cardamom, black",Elettaria cardamomum,Condiments and Spices,VEGETARIAN,270.55,6.69,2.8,52.53,23.46,312.0,7.94,1331.0,16.25,6.69,IFCT_DERIVED
G022,"Chillies, red",Capsicum annum,Condiments and Spices,VEGETARIAN,236.62,12.69,6.4,29.46,31.15,99.83,6.23,2245.0,19.45,14.57,IFCT_DERIVED
G023,Cloves,Syzygium aromaticum,Condiments and Spices,VEGETARIAN,186.66,5.86,8.41,18.73,34.52,567.0,9.41,1434.0,183.0,26.49,IFCT_DERIVED
G024,Coriander seeds,Coriandrum sativum,Condiments and Spices,VEGETARIAN,268.88,10.66,17.47,12.98,44.81,718.0,17.64,1473.0,34.41,8.72,IFCT_DERIVED
G025,Cumin seeds,Cuminum cyminum,Condiments and Spices,VEGETARIAN,304.49,13.91,16.64,22.62,30.35,878.0,20.58,1886.0,125.0,10.59,IFCT_DERIVED
G026,Fenugreek seeds,Trigonella foenum graecum,Condiments and Spices,VEGETARIAN,234.94,25.41,5.72,10.57,47.55,135.0,8.47,891.0,40.2,7.82,IFCT_DERIVED
G027,Mace,Myristica fragrans,Condiments and Spices,VEGETARIAN,355.64,6.24,24.41,26.51,20.31,174.0,22.69,623.0,27.17,20.06,IFCT_DERIVED
G028,Nutmeg,Myristica fragrans,Condiments and Spices,VEGETARIAN,463.67,6.3,36.52,27.64,11.99,148.0,2.33,474.0,14.31,15.55,IFCT_DERIVED
G029,Omum,Trachyspermum ammi,Condiments and Spices,VEGETARIAN,357.31,15.89,21.11,24.53,20.58,1034.0,13.65,1692.0,28.58,9.71,IFCT_DERIVED
G030,Pippali,Piper longum,Condiments and Spices,VEGETARIAN,216.54,10.53,2.27,35.7,34.14,414.0,7.99,1852.0,16.28,10.95,IFCT_DERIVED
G031,"Pepper, black",Piper nigrum,Condiments and Spices,VEGETARIAN,217.5,10.12,2.74,36.22,33.16,405.0,11.91,1487.0,24.08,13.18,IFCT_DERIVED
G032,Poppy seeds,Papaver somniferum,Condiments and Spices,VEGETARIAN,422.56,20.31,30.38,12.37,26.68,1372.0,10.13,646.0,25.35,4.22,IFCT_DERIVED
G033,Turmeric powder,Curcuma domestica,Condiments and Spices,VEGETARIAN,280.59,7.66,5.03,49.22,21.38,122.0,46.08,2374.0,24.41,10.58,IFCT_DERIVED
H001,Almond,Prunus amygdalus,Nuts and Oil Seeds,VEGETARIAN,609.23,18.41,58.49,3.04,13.06,228.0,4.59,699.0,1.5,4.37,IFCT_DERIVED
H002,"Arecanut, dried, brown",Areca catechu,Nuts and Oil Seeds,VEGETARIAN,350.62,5.78,4.35,70.42,11.44,61.0,2.74,524.0,12.06,6.63,IFCT_DERIVED
H003,"Arecanut, dried, red color",Areca catechu,Nuts and Oil Seeds,VEGETARIAN,353.01,6.46,4.46,70.27,11.11,51.0,3.26,617.0,17.13,6.3,IFCT_DERIVED
H004,"Arecanut, fresh",Areca catechu,Nuts and Oil Seeds,VEGETARIAN,244.74,2.73,5.51,45.0,7.63,34.03,1.04,329.0,5.53,37.7,IFCT_DERIVED
H005,Cashew nut,Anacardium occidentale,Nuts and Oil Seeds,VEGETARIAN,582.7,18.78,45.2,25.46,3.86,34.0,5.95,635.0,9.0,4.44,IFCT_DERIVED
H006,"Coconut, kernel, dry",Cocos nucifera,Nuts and Oil Seeds,VEGETARIAN,624.04,7.27,63.26,8.01,15.88,32.0,3.13,739.0,16.68,3.97,IFCT_DERIVED
H007,"Coconut, kernel, fresh",Cocos nucifera,Nuts and Oil Seeds,VEGETARIAN,408.94,3.84,41.38,6.3,10.42,8.0,1.3,246.0,8.12,36.14,IFCT_DERIVED
H008,"Garden cress, seeds",Lepidium sativum,Nuts and Oil Seeds,VEGETARIAN,445.27,23.36,23.74,33.66,8.27,318.0,17.2,952.0,21.84,4.6,IFCT_DERIVED
H009,"Gingelly seeds, black",Sesamum indicum,Nuts and Oil Seeds,VEGETARIAN,507.65,19.17,43.1,10.29,17.16,1664.0,13.9,480.0,15.91,4.51,IFCT_DERIVED
H010,"Gingelly seeds, brown",Sesamum indicum,Nuts and Oil Seeds,VEGETARIAN,516.49,21.61,43.22,9.76,17.21,1174.0,14.95,491.0,11.94,3.62,IFCT_DERIVED
H011,"Gingelly seeds, white",Sesamum indicum,Nuts and Oil Seeds,VEGETARIAN,519.6,21.7,43.05,10.83,16.99,1283.0,15.04,460.0,15.43,3.3,IFCT_DERIVED
H012,Ground nut,Arachis hypogea,Nuts and Oil Seeds,VEGETARIAN,520.08,23.65,39.63,17.27,10.38,54.0,3.44,679.0,12.21,6.97,IFCT_DERIVED
H013,Mustard seeds,Brassica nigra,Nuts and Oil Seeds,VEGETARIAN,509.56,19.51,40.19,16.8,14.1,402.0,13.49,694.0,3.97,5.67,IFCT_DERIVED
H014,Linseeds,Linum usitatissimum,Nuts and Oil Seeds,VEGETARIAN,443.83,18.55,35.67,10.99,26.17,257.0,5.44,655.0,32.93,5.48,IFCT_DERIVED
H015,"Niger seeds, black",Guizotia abyssinica,Nuts and Oil Seeds,VEGETARIAN,512.43,18.92,38.61,22.98,10.93,572.0,18.19,716.0,10.7,4.65,IFCT_DERIVED
H016,"Niger seeds, grey",Guizotia abyssinica,Nuts and Oil Seeds,VEGETARIAN,508.6,18.34,39.53,20.59,10.96,375.0,19.61,874.0,8.08,5.66,IFCT_DERIVED
H017,Pine seeds,Pinus sp.,Nuts and Oil Seeds,VEGETARIAN,594.17,12.55,48.79,26.77,3.79,17.0,4.5,686.0,1.31,5.32,IFCT_DERIVED
H018,Pistachio nuts,Pistacia vera,Nuts and Oil Seeds,VEGETARIAN,539.44,23.35,42.49,15.82,10.64,135.0,4.5,1053.0,6.93,4.68,IFCT_DERIVED
H019,Safflower seeds,Carthamus tinctorius,Nuts and Oil Seeds,VEGETARIAN,473.47,17.66,30.87,30.18,13.49,211.0,4.06,550.0,3.05,5.24,IFCT_DERIVED
H020,Sunflower seeds,Helianthus annuus,Nuts and Oil Seeds,VEGETARIAN,586.28,23.53,51.85,6.85,10.8,176.0,5.85,559.0,1.9,3.53,IFCT_DERIVED
H021,Walnut,Juglans regia,Nuts and Oil Seeds,VEGETARIAN,671.37,14.92,64.27,10.14,5.39,105.0,3.21,457.0,1.33,3.56,IFCT_DERIVED
I001,"Jaggery, cane",Saccharum officinarum,Sugars,VEGETARIAN,353.73,1.85,0.16,84.87,0.0,107.0,4.63,488.0,25.38,11.2,IFCT_DERIVED
I002,"Sugarcane, juice",Saccharum officinarum,Sugars,VEGETARIAN,57.84,0.16,0.4,13.11,0.56,18.0,1.12,150.0,1.16,85.54,IFCT_DERIVED
J001,"Button mushroom, fresh",Agaricus sp.,Mushrooms,VEGETARIAN,27.49,3.68,0.42,1.98,3.11,18.38,0.29,318.0,7.72,90.09,IFCT_DERIVED
J002,"Chicken mushroom, fresh",Lactiporus sp.,Mushrooms,VEGETARIAN,21.27,1.84,0.25,2.76,1.99,4.83,0.3,340.0,10.22,92.43,IFCT_DERIVED
J003,"Shiitake mushroom, fresh",Lentinula sp.,Mushrooms,VEGETARIAN,58.08,3.19,0.76,8.98,3.02,5.3,1.93,323.0,9.3,82.94,IFCT_DERIVED
J004,"Oyster mushroom, dried",Pleurotus sp.,Mushrooms,VEGETARIAN,243.55,19.04,2.86,33.07,39.12,23.61,3.58,350.0,8.67,4.51,IFCT_DERIVED
K001,Toddy,,Miscellaneous Foods,VEGETARIAN,24.14,0.18,0.03,5.72,0.0,0.44,0.42,83.54,1.64,93.86,IFCT_DERIVED
K002,Coconut water,Cocos nucifera,Miscellaneous Foods,VEGETARIAN,15.3,0.26,0.16,3.16,0.0,27.47,0.06,215.0,28.09,95.77,IFCT_DERIVED
L001,"Milk, whole, Buffalo",,Milk and Milk Products,VEGETARIAN,107.31,3.68,6.58,8.39,0.0,121.0,0.16,109.0,30.1,80.68,IFCT_DERIVED
L002,"Milk, whole, Cow",,Milk and Milk Products,VEGETARIAN,72.9,3.26,4.48,4.94,0.0,118.0,0.15,115.0,25.46,86.64,IFCT_DERIVED
L003,Paneer,,Milk and Milk Products,VEGETARIAN,257.89,18.86,14.78,12.41,0.0,476.0,0.9,63.53,18.04,51.96,IFCT_DERIVED
L004,Khoa,,Milk and Milk Products,VEGETARIAN,315.97,16.34,20.62,16.53,0.0,602.0,2.32,536.0,48.1,42.51,IFCT_DERIVED
M001,"Egg, poultry, whole, raw",,Egg and Egg Products,EGGETARIAN,134.8,13.28,9.15,0.0,0.0,49.44,1.82,138.0,123.0,76.51,IFCT_DERIVED
M002,"Egg, poultry, white, raw",,Egg and Egg Products,EGGETARIAN,44.69,10.84,0.06,0.0,0.0,5.64,0.07,152.0,166.0,86.68,IFCT_DERIVED
M003,"Egg, poultry, yolk, raw",,Egg and Egg Products,EGGETARIAN,296.85,15.74,26.34,0.0,0.0,116.0,3.17,118.0,46.33,53.57,IFCT_DERIVED
M004,"Egg, poultry, whole, boiled",,Egg and Egg Products,EGGETARIAN,147.71,13.43,10.54,0.0,0.0,55.12,1.87,127.0,121.0,73.46,IFCT_DERIVED
M005,"Egg, poultry, white, boiled",,Egg and Egg Products,EGGETARIAN,52.58,12.37,0.26,0.0,0.0,8.07,0.15,147.0,144.0,83.54,IFCT_DERIVED
M006,"Egg, poultry, yolk, boiled",,Egg and Egg Products,EGGETARIAN,308.32,16.13,27.46,0.0,0.0,120.0,4.92,106.0,44.83,51.42,IFCT_DERIVED
M007,"Egg, poultry, omlet",,Egg and Egg Products,EGGETARIAN,169.69,16.53,11.6,0.0,0.0,53.26,2.16,163.0,169.0,68.48,IFCT_DERIVED
M008,"Egg, country hen, whole, raw",,Egg and Egg Products,EGGETARIAN,168.26,13.14,13.0,0.0,0.0,50.14,1.64,117.0,157.0,72.96,IFCT_DERIVED
M009,"Egg, country hen, whole, boiled",,Egg and Egg Products,EGGETARIAN,183.32,14.43,14.1,0.0,0.0,57.79,1.73,120.0,149.0,70.43,IFCT_DERIVED
M010,"Egg, country hen, omlet",,Egg and Egg Products,EGGETARIAN,204.35,14.8,16.3,0.0,0.0,55.88,2.15,151.0,157.0,67.8,IFCT_DERIVED
M011,"Egg, duck, whole, boiled",,Egg and Egg Products,EGGETARIAN,176.39,13.8,13.61,0.0,0.0,56.12,2.61,221.0,110.0,71.61,IFCT_DERIVED
M012,"Egg, duck, whole, raw",,Egg and Egg Products,EGGETARIAN,181.64,14.6,13.83,0.0,0.0,52.46,2.46,228.0,113.0,70.53,IFCT_DERIVED
M013,"Egg, duck, whole, omlet",,Egg and Egg Products,EGGETARIAN,192.16,15.1,14.8,0.0,0.0,71.79,3.28,154.0,175.0,68.9,IFCT_DERIVED
M014,"Egg, quial, whole, raw",,Egg and Egg Products,EGGETARIAN,151.77,12.39,11.46,0.0,0.0,60.67,2.55,119.0,132.0,75.11,IFCT_DERIVED
M015,"Egg, quial, whole, boiled",,Egg and Egg Products,EGGETARIAN,154.64,13.03,11.5,0.0,0.0,61.35,2.63,115.0,130.0,74.41,IFCT_DERIVED
N001,"Chicken, poultry, leg, skinless",,Poultry,NON_VEG,383.6,19.44,12.64,0.0,0.0,20.52,1.27,283.0,65.07,67.61,IFCT_DERIVED
N002,"Chicken, poultry, thigh, skinless",,Poultry,NON_VEG,199.81,18.18,14.23,0.0,0.0,18.37,1.11,263.0,64.59,67.58,IFCT_DERIVED
N003,"Chicken, poultry, breast, skinless",,Poultry,NON_VEG,168.26,21.81,9.0,0.0,0.0,12.91,0.83,295.0,36.7,67.15,IFCT_DERIVED
N004,"Chicken, poultry, wing, skinless",,Poultry,NON_VEG,192.88,17.42,13.81,0.0,0.0,28.13,1.38,185.0,72.78,67.48,IFCT_DERIVED
N005,"Poultry, chicken, liver",,Poultry,NON_VEG,123.8,21.57,4.08,0.0,0.0,4.1,9.92,241.0,61.58,73.2,IFCT_DERIVED
N006,"Poultry, chicken, gizzard",,Poultry,NON_VEG,92.26,18.22,2.07,0.0,0.0,5.46,3.19,244.0,50.6,78.05,IFCT_DERIVED
N007,"Country hen, leg, with skin",,Poultry,NON_VEG,172.8,17.01,11.73,0.0,0.0,22.56,1.66,357.0,50.46,70.02,IFCT_DERIVED
N008,"Country hen, thigh, with skin",,Poultry,NON_VEG,187.62,18.29,12.82,0.0,0.0,20.12,1.4,330.0,51.14,67.46,IFCT_DERIVED
N009,"Country hen, breast, with skin",,Poultry,NON_VEG,179.97,22.08,10.2,0.0,0.0,12.49,1.09,365.0,23.13,66.53,IFCT_DERIVED
N010,"Country hen, wing, with skin",,Poultry,NON_VEG,182.6,18.65,12.09,0.0,0.0,35.46,1.45,249.0,54.15,68.01,IFCT_DERIVED
N011,"Duck, meat, with skin",,Poultry,NON_VEG,130.74,19.07,6.03,0.0,0.0,22.77,4.26,273.0,82.25,73.49,IFCT_DERIVED
N012,"Emu, meat, skinless",,Poultry,NON_VEG,132.89,22.65,4.62,0.0,0.0,7.4,3.95,275.0,48.48,71.65,IFCT_DERIVED
N013,"Guinea fowl, meat, with skin",,Poultry,NON_VEG,112.09,20.52,3.24,0.0,0.0,30.77,2.2,240.0,57.64,75.21,IFCT_DERIVED
N014,"Pigeon, meat, with skin",,Poultry,NON_VEG,126.2,17.94,6.03,0.0,0.0,18.11,3.81,346.0,56.1,74.61,IFCT_DERIVED
N015,"Quail, meat, skinless",,Poultry,NON_VEG,137.67,20.92,5.95,0.0,0.0,20.6,1.9,333.0,56.21,71.58,IFCT_DERIVED
N016,"Turkey, leg, with skin",,Poultry,NON_VEG,154.64,20.3,8.15,0.0,0.0,20.44,2.01,308.0,66.47,69.24,IFCT_DERIVED
N017,"Turkey, thigh, with skin",,Poultry,NON_VEG,138.86,20.46,6.31,0.0,0.0,23.52,1.58,280.0,50.01,72.17,IFCT_DERIVED
N018,"Turkey, breast, with skin",,Poultry,NON_VEG,160.37,21.96,8.04,0.0,0.0,14.35,1.01,315.0,40.45,68.44,IFCT_DERIVED
N019,"Turkey, wing, with skin",,Poultry,NON_VEG,184.27,21.91,10.77,0.0,0.0,33.49,1.0,262.0,57.0,66.16,IFCT_DERIVED
O001,"Goat, shoulder, meat",,Animal Meat,NON_VEG,188.1,20.33,11.94,0.0,0.0,6.18,1.48,332.0,47.31,66.39,IFCT_DERIVED
O002,"Goat, chops",,Animal Meat,NON_VEG,135.76,20.39,5.98,0.0,0.0,7.44,1.87,334.0,45.72,72.46,IFCT_DERIVED
O003,"Goat, legs",,Animal Meat,NON_VEG,159.89,22.07,7.94,0.0,0.0,5.76,1.77,339.0,42.77,68.85,IFCT_DERIVED
O004,"Goat, brain",,Animal Meat,NON_VEG,127.39,13.82,8.06,0.0,0.0,10.61,1.63,296.0,132.0,76.74,IFCT_DERIVED
O005,"Goat, tongue",,Animal Meat,NON_VEG,188.58,16.63,13.68,0.0,0.0,7.11,2.09,223.0,118.0,68.4,IFCT_DERIVED
O006,"Goat, lungs",,Animal Meat,NON_VEG,95.84,16.86,3.09,0.0,0.0,10.44,7.1,180.0,85.72,79.03,IFCT_DERIVED
O007,"Goat, heart",,Animal Meat,NON_VEG,117.59,19.38,4.4,0.0,0.0,5.71,3.38,224.0,73.21,75.15,IFCT_DERIVED
O008,"Goat, liver",,Animal Meat,NON_VEG,125.72,20.32,4.88,0.0,0.0,6.09,6.56,284.0,55.41,73.37,IFCT_DERIVED
O009,"Goat, tripe",,Animal Meat,NON_VEG,92.26,15.36,3.36,0.0,0.0,20.87,0.81,45.0,22.38,80.94,IFCT_DERIVED
O010,"Goat, spleen",,Animal Meat,NON_VEG,95.84,18.45,2.37,0.0,0.0,8.35,51.41,368.0,52.4,77.93,IFCT_DERIVED
O011,"Goat, kidneys",,Animal Meat,NON_VEG,89.39,15.6,2.93,0.0,0.0,12.37,6.73,195.0,184.0,80.26,IFCT_DERIVED
O012,"Goat, tube (small intestine)",,Animal Meat,NON_VEG,125.48,12.92,8.26,0.0,0.0,27.52,2.21,130.0,7.46,78.12,IFCT_DERIVED
O013,"Goat, testis",,Animal Meat,NON_VEG,71.22,12.32,2.39,0.0,0.0,5.95,1.43,253.0,92.61,84.29,IFCT_DERIVED
O014,"Sheep, shoulder",,Animal Meat,NON_VEG,200.76,18.24,14.31,0.0,0.0,5.46,1.63,336.0,45.65,66.51,IFCT_DERIVED
O015,"Sheep, chops",,Animal Meat,NON_VEG,118.55,18.0,5.15,0.0,0.0,7.98,2.24,323.0,45.26,75.66,IFCT_DERIVED
O016,"Sheep, leg",,Animal Meat,NON_VEG,163.96,21.42,8.69,0.0,0.0,6.87,1.54,333.0,49.3,68.26,IFCT_DERIVED
O017,"Sheep, brain",,Animal Meat,NON_VEG,117.59,13.05,7.29,0.0,0.0,10.27,1.93,312.0,122.0,78.36,IFCT_DERIVED
O018,"Sheep, tongue",,Animal Meat,NON_VEG,187.14,16.61,13.53,0.0,0.0,8.05,2.46,220.0,185.0,68.7,IFCT_DERIVED
O019,"Sheep, lungs",,Animal Meat,NON_VEG,86.76,16.12,2.41,0.0,0.0,7.74,8.58,204.0,109.0,80.41,IFCT_DERIVED
O020,"Sheep, heart",,Animal Meat,NON_VEG,106.36,18.19,3.66,0.0,0.0,6.79,3.07,225.0,72.62,77.06,IFCT_DERIVED
O021,"Sheep, liver",,Animal Meat,NON_VEG,133.6,22.26,4.87,0.0,0.0,5.92,6.15,280.0,55.82,69.71,IFCT_DERIVED
O022,"Sheep, tripe",,Animal Meat,NON_VEG,103.97,16.76,4.05,0.0,0.0,14.85,0.9,48.75,18.37,78.81,IFCT_DERIVED
O023,"Sheep, spleen",,Animal Meat,NON_VEG,91.78,16.02,3.02,0.0,0.0,11.49,53.11,327.0,50.58,79.66,IFCT_DERIVED
O024,"Sheep, kidneys",,Animal Meat,NON_VEG,91.78,16.22,2.92,0.0,0.0,14.15,6.11,198.0,163.0,79.77,IFCT_DERIVED
O025,"Beef, shoulder",,Animal Meat,NON_VEG,212.48,20.56,14.59,0.0,0.0,6.5,2.22,367.0,45.59,63.84,IFCT_DERIVED
O026,"Beef, chops",,Animal Meat,NON_VEG,139.82,19.82,6.71,0.0,0.0,4.64,1.95,383.0,32.47,72.4,IFCT_DERIVED
O027,"Beef, round (leg)",,Animal Meat,NON_VEG,157.27,22.64,7.38,0.0,0.0,5.86,2.3,366.0,38.96,68.04,IFCT_DERIVED
O028,"Beef, brain",,Animal Meat,NON_VEG,125.0,10.55,9.28,0.0,0.0,11.38,2.15,320.0,127.0,78.71,IFCT_DERIVED
O029,"Beef, tongue",,Animal Meat,NON_VEG,174.71,15.63,12.57,0.0,0.0,9.49,2.17,260.0,89.88,70.97,IFCT_DERIVED
O030,"Beef, lungs",,Animal Meat,NON_VEG,83.89,15.66,2.28,0.0,0.0,9.31,6.85,216.0,109.0,80.83,IFCT_DERIVED
O031,"Beef, heart",,Animal Meat,NON_VEG,103.49,17.68,3.57,0.0,0.0,6.16,3.62,258.0,70.52,77.77,IFCT_DERIVED
O032,"Beef, liver",,Animal Meat,NON_VEG,119.26,20.73,3.96,0.0,0.0,5.46,14.82,289.0,50.14,74.15,IFCT_DERIVED
O033,"Beef, tripe",,Animal Meat,NON_VEG,75.53,13.1,2.51,0.0,0.0,15.3,0.84,143.0,41.0,83.74,IFCT_DERIVED
O034,"Beef, spleen",,Animal Meat,NON_VEG,90.34,17.42,2.22,0.0,0.0,9.4,31.68,348.0,58.94,79.03,IFCT_DERIVED
O035,"Beef, kidneys",,Animal Meat,NON_VEG,104.92,17.09,4.01,0.0,0.0,15.31,4.71,184.0,160.0,77.59,IFCT_DERIVED
O036,"Calf, shoulder",,Animal Meat,NON_VEG,151.29,20.98,7.47,0.0,0.0,8.39,1.31,369.0,77.0,70.49,IFCT_DERIVED
O037,"Calf, chops",,Animal Meat,NON_VEG,125.24,22.47,3.85,0.0,0.0,9.27,1.2,366.0,64.94,72.66,IFCT_DERIVED
O038,"Calf, round (leg)",,Animal Meat,NON_VEG,146.99,21.1,6.92,0.0,0.0,10.03,2.4,356.0,67.04,71.13,IFCT_DERIVED
O039,"Calf, brain",,Animal Meat,NON_VEG,107.07,9.84,7.6,0.0,0.0,10.53,1.44,306.0,115.0,81.19,IFCT_DERIVED
O040,"Calf, tongue",,Animal Meat,NON_VEG,176.15,17.78,11.76,0.0,0.0,9.08,2.63,238.0,91.64,69.44,IFCT_DERIVED
O041,"Calf, heart",,Animal Meat,NON_VEG,109.7,18.84,3.75,0.0,0.0,6.48,4.66,224.0,58.0,73.44,IFCT_DERIVED
O042,"Calf, liver",,Animal Meat,NON_VEG,120.22,21.02,3.95,0.0,0.0,5.19,16.26,307.0,54.99,73.66,IFCT_DERIVED
O043,"Calf, spleen",,Animal Meat,NON_VEG,90.58,17.71,2.12,0.0,0.0,10.56,25.42,372.0,67.87,78.65,IFCT_DERIVED
O044,"Calf, kidneys",,Animal Meat,NON_VEG,92.5,15.16,3.5,0.0,0.0,12.63,4.92,206.0,174.0,80.23,IFCT_DERIVED
O045,"Mithun, shoulder",,Animal Meat,NON_VEG,175.91,19.05,11.14,0.0,0.0,4.27,2.05,307.0,32.94,68.86,IFCT_DERIVED
O046,"Mithun, chops",,Animal Meat,NON_VEG,128.11,18.19,6.12,0.0,0.0,4.88,2.25,222.0,42.17,73.81,IFCT_DERIVED
O047,"Mithun, round (leg)",,Animal Meat,NON_VEG,115.92,19.61,4.1,0.0,0.0,5.32,2.18,338.0,28.42,72.25,IFCT_DERIVED
O048,"Pork, shoulder",,Animal Meat,NON_VEG,237.33,17.41,18.83,0.0,0.0,9.95,0.91,234.0,54.47,62.92,IFCT_DERIVED
O049,"Pork, chops",,Animal Meat,NON_VEG,178.78,19.41,11.3,0.0,0.0,8.12,1.0,243.0,43.7,68.4,IFCT_DERIVED
O050,"Pork, ham",,Animal Meat,NON_VEG,240.44,18.83,18.55,0.0,0.0,7.4,1.27,239.0,40.44,61.94,IFCT_DERIVED
O051,"Pork, lungs",,Animal Meat,NON_VEG,85.56,15.13,2.74,0.0,0.0,10.3,6.76,200.0,61.41,81.12,IFCT_DERIVED
O052,"Pork, heart",,Animal Meat,NON_VEG,109.23,16.31,4.87,0.0,0.0,4.74,3.97,268.0,70.52,77.74,IFCT_DERIVED
O053,"Pork, liver",,Animal Meat,NON_VEG,115.68,19.89,3.94,0.0,0.0,5.52,20.74,279.0,64.89,74.88,IFCT_DERIVED
O054,"Pork, stomach",,Animal Meat,NON_VEG,131.45,15.36,7.81,0.0,0.0,11.75,1.92,200.0,109.0,76.51,IFCT_DERIVED
O055,"Pork, spleen",,Animal Meat,NON_VEG,85.33,15.13,2.71,0.0,0.0,6.98,27.21,325.0,49.14,80.93,IFCT_DERIVED
O056,"Pork, kidneys",,Animal Meat,NON_VEG,90.58,14.35,3.65,0.0,0.0,6.71,6.26,198.0,138.0,80.92,IFCT_DERIVED
O057,"Pork, tube (small intestine)",,Animal Meat,NON_VEG,140.3,14.96,8.98,0.0,0.0,16.05,2.83,140.0,60.17,75.42,IFCT_DERIVED
O058,"Hare, shoulder",,Animal Meat,NON_VEG,144.12,21.13,6.58,0.0,0.0,57.51,2.98,303.0,55.03,71.06,IFCT_DERIVED
O059,"Hare, chops",,Animal Meat,NON_VEG,106.36,20.62,2.55,0.0,0.0,38.36,2.78,340.0,48.61,75.47,IFCT_DERIVED
O060,"Hare, leg",,Animal Meat,NON_VEG,120.22,20.52,4.16,0.0,0.0,53.02,2.46,370.0,42.48,73.0,IFCT_DERIVED
O061,"Rabbit, shoulder",,Animal Meat,NON_VEG,151.77,20.01,7.96,0.0,0.0,46.37,1.74,361.0,61.38,70.75,IFCT_DERIVED
O062,"Rabbit, chops",,Animal Meat,NON_VEG,135.04,22.61,4.88,0.0,0.0,25.48,2.42,374.0,47.84,71.03,IFCT_DERIVED
O063,"Rabbit, leg",,Animal Meat,NON_VEG,139.58,21.31,5.99,0.0,0.0,22.31,1.21,389.0,46.03,70.33,IFCT_DERIVED
P001,Allathi,Elops machnata,Marine Fish,NON_VEG,97.04,21.77,0.98,0.0,0.0,13.78,0.62,286.0,32.68,75.91,IFCT_DERIVED
P002,Aluva,Parastromateus niger,Marine Fish,NON_VEG,103.73,21.63,1.8,0.0,0.0,11.32,0.42,470.0,44.86,75.71,IFCT_DERIVED
P003,Anchovy,Stolephorus indicus,Marine Fish,NON_VEG,87.72,19.88,0.78,0.0,0.0,36.6,0.54,270.0,212.0,77.77,IFCT_DERIVED
P004,Ari fish,Aprion virescens,Marine Fish,NON_VEG,99.19,22.01,1.11,0.0,0.0,4.36,0.47,447.0,37.35,77.09,IFCT_DERIVED
P005,Betki,Lates calcarifer,Marine Fish,NON_VEG,67.88,15.28,0.29,0.0,0.0,8.84,0.31,355.0,63.68,82.52,IFCT_DERIVED
P006,Black snapper,Macolor niger,Marine Fish,NON_VEG,90.11,19.5,1.24,0.0,0.0,9.91,0.56,341.0,41.23,78.09,IFCT_DERIVED
P007,Bombay duck,Harpadon nehereus,Marine Fish,NON_VEG,68.59,13.53,1.03,0.0,0.0,159.0,0.81,188.0,223.0,83.24,IFCT_DERIVED
P008,Bommuralu,Muraenesox cinerius,Marine Fish,NON_VEG,115.92,22.3,2.87,0.0,0.0,47.33,0.43,349.0,61.87,76.42,IFCT_DERIVED
P009,Cat fish,Tachysurus thalassinus,Marine Fish,NON_VEG,108.99,22.18,2.13,0.0,0.0,5.54,0.72,429.0,35.82,76.22,IFCT_DERIVED
P010,Chakla,Rachycentron canadum,Marine Fish,NON_VEG,97.04,20.21,1.68,0.0,0.0,6.55,0.41,343.0,51.41,78.36,IFCT_DERIVED
P011,Chappal,Aluterus monoceros,Marine Fish,NON_VEG,75.76,17.17,0.67,0.0,0.0,10.22,1.29,306.0,38.12,80.61,IFCT_DERIVED
P012,Chelu,Elagatis bipinnulata,Marine Fish,NON_VEG,87.48,20.02,0.7,0.0,0.0,8.17,0.67,406.0,37.6,76.36,IFCT_DERIVED
P013,Chembali,Lutjanus quinquelineatus,Marine Fish,NON_VEG,97.04,20.06,1.77,0.0,0.0,23.72,0.31,323.0,38.98,77.54,IFCT_DERIVED
P014,Eri meen,Pristipomoides filamentosus,Marine Fish,NON_VEG,108.51,22.3,2.02,0.0,0.0,12.45,0.46,402.0,41.19,76.54,IFCT_DERIVED
P015,Gobro,Epinephelus diacanthus,Marine Fish,NON_VEG,86.52,19.37,0.88,0.0,0.0,24.18,0.36,316.0,52.68,78.84,IFCT_DERIVED
P016,Guitar fish,Rhinobatus prahli,Marine Fish,NON_VEG,95.6,22.56,0.44,0.0,0.0,17.32,0.44,342.0,70.81,75.73,IFCT_DERIVED
P017,Hilsa,Tenualosa ilisha,Marine Fish,NON_VEG,258.84,21.8,18.49,0.0,0.0,19.82,1.19,341.0,80.88,60.09,IFCT_DERIVED
P018,Jallal,Arius sp.,Marine Fish,NON_VEG,100.38,21.55,1.46,0.0,0.0,14.73,0.46,368.0,74.33,77.5,IFCT_DERIVED
P019,Jathi vela meen,Lethrinus lentjan,Marine Fish,NON_VEG,108.27,22.45,1.92,0.0,0.0,6.65,0.28,467.0,30.53,75.66,IFCT_DERIVED
P020,Kadal bral,Synodus indicus,Marine Fish,NON_VEG,87.95,18.72,1.34,0.0,0.0,73.92,0.31,366.0,53.66,79.66,IFCT_DERIVED
P021,Kadali,Nemipterus mesoprion,Marine Fish,NON_VEG,126.67,22.07,4.2,0.0,0.0,8.62,0.38,390.0,36.06,73.74,IFCT_DERIVED
P022,Kalamaara,Leptomelanosoma indicum,Marine Fish,NON_VEG,125.0,20.89,4.54,0.0,0.0,7.54,0.5,420.0,29.33,75.5,IFCT_DERIVED
P023,Kalava,Epinephelus coioides,Marine Fish,NON_VEG,89.39,19.38,1.2,0.0,0.0,10.66,0.26,279.0,40.14,80.02,IFCT_DERIVED
P024,Kanamayya,Lutjanus rivulatus,Marine Fish,NON_VEG,87.72,20.19,0.65,0.0,0.0,7.72,0.36,346.0,50.53,77.59,IFCT_DERIVED
P025,Kannadi paarai,Alectis indicus,Marine Fish,NON_VEG,101.1,22.09,1.27,0.0,0.0,9.04,0.31,432.0,59.57,76.25,IFCT_DERIVED
P026,Karimeen,Etroplus suratensis,Marine Fish,NON_VEG,92.26,19.68,1.38,0.0,0.0,11.73,0.6,452.0,23.72,78.66,IFCT_DERIVED
P027,Karnagawala,Anchoa hepsetus,Marine Fish,NON_VEG,86.76,19.52,0.84,0.0,0.0,60.03,0.44,228.0,63.27,79.22,IFCT_DERIVED
P028,Kayrai,Thunnus albacares,Marine Fish,NON_VEG,108.51,20.15,3.0,0.0,0.0,6.0,0.98,321.0,25.12,72.69,IFCT_DERIVED
P029,Kiriyan,Atule mate,Marine Fish,NON_VEG,132.89,22.49,4.7,0.0,0.0,19.42,1.0,277.0,35.88,72.39,IFCT_DERIVED
P030,Kite fish,Mobula kuhlii,Marine Fish,NON_VEG,98.71,23.07,0.56,0.0,0.0,11.02,1.38,387.0,59.03,77.61,IFCT_DERIVED
P031,Korka,Terapon jarbua,Marine Fish,NON_VEG,126.2,23.72,3.36,0.0,0.0,11.12,0.73,349.0,43.3,72.25,IFCT_DERIVED
P032,Kulam paarai,Carangoides fulvoguttatus,Marine Fish,NON_VEG,119.74,21.62,3.6,0.0,0.0,15.17,0.5,366.0,49.17,73.44,IFCT_DERIVED
P033,Maagaa,Polynemus plebeius,Marine Fish,NON_VEG,87.48,20.11,0.67,0.0,0.0,8.42,0.23,375.0,52.28,79.23,IFCT_DERIVED
P034,Mackerel,Rastrelliger kanagurta,Marine Fish,NON_VEG,101.1,21.51,1.53,0.0,0.0,31.27,1.46,309.0,83.01,74.55,IFCT_DERIVED
P035,Manda clathi,Naso reticulatus,Marine Fish,NON_VEG,95.12,21.27,1.0,0.0,0.0,11.48,0.43,431.0,58.5,76.32,IFCT_DERIVED
P036,Matha,Acanthurus mata,Marine Fish,NON_VEG,92.97,21.17,0.79,0.0,0.0,14.02,0.32,450.0,62.58,79.81,IFCT_DERIVED
P037,Milk fish,Chanos chanos,Marine Fish,NON_VEG,105.64,23.66,1.09,0.0,0.0,29.18,1.35,301.0,42.98,72.22,IFCT_DERIVED
P038,Moon fish,Mene maculata,Marine Fish,NON_VEG,125.72,20.74,4.69,0.0,0.0,29.18,1.67,157.0,65.17,74.21,IFCT_DERIVED
P039,Mullet,Mugil cephalus,Marine Fish,NON_VEG,93.93,20.23,1.32,0.0,0.0,35.2,1.31,331.0,66.09,76.12,IFCT_DERIVED
P040,Mural,Tylosurus crocodilus crocodilus,Marine Fish,NON_VEG,82.46,19.04,0.58,0.0,0.0,8.61,0.24,330.0,110.0,78.96,IFCT_DERIVED
P041,Myil meen,Istiophorus platypterus,Marine Fish,NON_VEG,97.99,22.89,0.56,0.0,0.0,7.2,1.2,365.0,61.96,75.57,IFCT_DERIVED
P042,Nalla bontha,Epinephelus sp,Marine Fish,NON_VEG,87.0,19.82,0.72,0.0,0.0,9.04,0.31,403.0,57.87,79.32,IFCT_DERIVED
P043,Narba,Caranx sexfasciatus,Marine Fish,NON_VEG,103.25,21.95,1.6,0.0,0.0,7.21,1.11,384.0,49.51,76.37,IFCT_DERIVED
P044,Paarai,Caranx heberi,Marine Fish,NON_VEG,103.97,21.58,1.84,0.0,0.0,13.52,0.69,384.0,45.22,75.77,IFCT_DERIVED
P045,Padayappa,Canthidermis maculata,Marine Fish,NON_VEG,86.04,19.7,0.69,0.0,0.0,9.83,0.33,490.0,33.87,79.18,IFCT_DERIVED
P046,Pali kora,Panna microdon,Marine Fish,NON_VEG,94.17,19.25,1.81,0.0,0.0,17.03,0.42,364.0,54.85,78.63,IFCT_DERIVED
P047,Pambada,Lepturacanthus savala,Marine Fish,NON_VEG,128.35,21.95,4.44,0.0,0.0,16.53,0.38,263.0,82.65,74.67,IFCT_DERIVED
P048,Pandukopa,Pseudosciaena manchurica,Marine Fish,NON_VEG,86.04,19.73,0.65,0.0,0.0,12.18,0.47,427.0,49.15,77.46,IFCT_DERIVED
P049,Parava,Lactarius lactarius,Marine Fish,NON_VEG,111.62,21.5,2.74,0.0,0.0,29.12,3.58,363.0,84.08,77.19,IFCT_DERIVED
P050,Parcus,Psettodes erumei,Marine Fish,NON_VEG,86.28,19.87,0.62,0.0,0.0,21.08,0.28,446.0,64.38,79.01,IFCT_DERIVED
P051,Parrot fish,Scarus ghobban,Marine Fish,NON_VEG,89.63,20.82,0.57,0.0,0.0,9.21,0.38,432.0,51.79,76.84,IFCT_DERIVED
P052,Perinkilichai,Pinjalo pinjalo,Marine Fish,NON_VEG,92.5,20.89,0.87,0.0,0.0,7.25,0.29,365.0,34.16,78.33,IFCT_DERIVED
P053,Phopat,Coryphaena hippurus,Marine Fish,NON_VEG,101.34,22.05,1.33,0.0,0.0,9.32,0.47,439.0,36.2,76.42,IFCT_DERIVED
P054,Piranha,Pygopristis sp.,Marine Fish,NON_VEG,131.21,20.46,5.43,0.0,0.0,14.85,0.5,323.0,38.97,76.15,IFCT_DERIVED
P055,"Pomfret, black",Parastromateus niger,Marine Fish,NON_VEG,123.09,18.91,4.83,0.0,0.0,18.1,0.78,295.0,69.09,74.43,IFCT_DERIVED
P056,"Pomfret, snub nose",Trachinotus blochii,Marine Fish,NON_VEG,89.63,21.05,0.46,0.0,0.0,6.57,0.41,483.0,36.1,77.81,IFCT_DERIVED
P057,"Pomfret, white",Pampus argenteus,Marine Fish,NON_VEG,122.61,19.02,5.12,0.0,0.0,13.64,0.31,255.0,46.09,75.91,IFCT_DERIVED
P058,Pranel,Gerres sp.,Marine Fish,NON_VEG,96.8,19.69,1.89,0.0,0.0,21.88,0.41,251.0,52.37,79.54,IFCT_DERIVED
P059,Pulli paarai,Gnathanodon speciosus,Marine Fish,NON_VEG,95.36,20.06,1.55,0.0,0.0,21.84,0.35,335.0,58.56,75.99,IFCT_DERIVED
P060,Queen fish,Scomberoides commersonianus,Marine Fish,NON_VEG,95.6,20.97,1.17,0.0,0.0,5.75,0.49,440.0,48.93,76.63,IFCT_DERIVED
P061,Raai fish,Lobotes surinamensis,Marine Fish,NON_VEG,102.77,21.61,1.69,0.0,0.0,11.09,0.46,347.0,47.62,77.14,IFCT_DERIVED
P062,Raai vanthu,Epinephelus chlorostigma,Marine Fish,NON_VEG,97.99,19.39,2.17,0.0,0.0,8.72,0.36,311.0,50.83,79.95,IFCT_DERIVED
P063,Rani,Pink perch,Marine Fish,NON_VEG,90.11,18.83,1.49,0.0,0.0,37.9,0.87,335.0,63.17,78.55,IFCT_DERIVED
P064,"Ray fish, bow head, spotted",Rhina ancylostoma,Marine Fish,NON_VEG,83.41,19.03,0.7,0.0,0.0,9.64,0.25,353.0,105.0,80.3,IFCT_DERIVED
P065,Red snapper,Lutjanus argentimaculatus,Marine Fish,NON_VEG,104.45,22.79,1.34,0.0,0.0,8.39,0.37,446.0,59.89,76.28,IFCT_DERIVED
P066,"Red snapper, small",Priacanthus hamrur,Marine Fish,NON_VEG,107.79,21.5,2.3,0.0,0.0,17.43,0.57,327.0,38.97,76.31,IFCT_DERIVED
P067,Sadaya,Platax orbicularis,Marine Fish,NON_VEG,110.42,20.68,2.97,0.0,0.0,9.08,0.47,360.0,49.41,75.53,IFCT_DERIVED
P068,Salmon,Salmo salar,Marine Fish,NON_VEG,172.32,20.97,9.86,0.0,0.0,24.3,0.98,345.0,20.25,67.84,IFCT_DERIVED
P069,Sangada,Nemipterus japonicus,Marine Fish,NON_VEG,105.88,20.26,2.67,0.0,0.0,7.9,0.99,217.0,77.82,78.51,IFCT_DERIVED
P070,Sankata parai,Caranx ignobilis,Marine Fish,NON_VEG,103.73,21.87,1.68,0.0,0.0,6.03,0.99,379.0,22.33,74.88,IFCT_DERIVED
P071,Sardine,Sardinella longiceps,Marine Fish,NON_VEG,152.25,17.91,8.99,0.0,0.0,42.26,0.83,228.0,38.49,72.29,IFCT_DERIVED
P072,Shark,Carcharhinus sorrah,Marine Fish,NON_VEG,95.12,21.6,0.83,0.0,0.0,8.44,0.38,372.0,63.63,72.82,IFCT_DERIVED
P073,"Shark, hammer head",Sphyrna mokarran,Marine Fish,NON_VEG,103.25,23.4,0.8,0.0,0.0,7.92,0.86,304.0,53.55,74.61,IFCT_DERIVED
P074,"Shark, spotted",Stegostoma fasciatum,Marine Fish,NON_VEG,91.78,20.95,0.75,0.0,0.0,8.1,0.54,318.0,131.0,78.83,IFCT_DERIVED
P075,Shelavu,Sphyraena jello,Marine Fish,NON_VEG,106.6,22.46,1.74,0.0,0.0,11.42,0.52,453.0,38.73,74.6,IFCT_DERIVED
P076,Silan,Silonia silondia,Marine Fish,NON_VEG,151.29,22.72,6.68,0.0,0.0,28.82,0.56,223.0,29.39,70.12,IFCT_DERIVED
P077,Silk fish,Beryx sp.,Marine Fish,NON_VEG,97.51,20.65,1.53,0.0,0.0,10.46,0.3,440.0,41.57,77.61,IFCT_DERIVED
P078,Silver carp,Hypophthalmichthys molitrix,Marine Fish,NON_VEG,132.65,21.71,5.17,0.0,0.0,85.55,0.58,249.0,19.6,72.47,IFCT_DERIVED
P079,Sole fish,Cynoglossus arel,Marine Fish,NON_VEG,87.72,19.05,1.18,0.0,0.0,47.28,0.33,199.0,74.57,80.18,IFCT_DERIVED
P080,Stingray,Dasyatis pastinaca,Marine Fish,NON_VEG,97.51,23.98,0.68,0.0,0.0,9.16,0.74,270.0,64.14,75.67,IFCT_DERIVED
P081,Tarlava,Drepane punctata,Marine Fish,NON_VEG,98.95,21.72,1.2,0.0,0.0,11.68,0.53,370.0,67.4,76.76,IFCT_DERIVED
P082,Tholam,Plectorhinchus schotaf,Marine Fish,NON_VEG,103.25,20.78,2.13,0.0,0.0,11.4,0.6,382.0,28.0,76.2,IFCT_DERIVED
P083,Tilapia,Oreochromis niloticus,Marine Fish,NON_VEG,83.41,18.48,1.08,0.0,0.0,99.39,2.84,255.0,52.55,79.57,IFCT_DERIVED
P084,Tuna,Euthynnus affinis,Marine Fish,NON_VEG,112.33,24.5,1.44,0.0,0.0,9.82,1.6,357.0,52.89,72.12,IFCT_DERIVED
P085,"Tuna, striped",Katsuwonus pelamis,Marine Fish,NON_VEG,96.32,21.28,1.12,0.0,0.0,6.45,1.43,273.0,22.6,77.76,IFCT_DERIVED
P086,Valava,Chirocentrus nudus,Marine Fish,NON_VEG,97.99,21.8,1.06,0.0,0.0,37.06,0.24,365.0,91.91,77.25,IFCT_DERIVED
P087,Vanjaram,Scomberomorus commerson,Marine Fish,NON_VEG,136.23,22.28,5.18,0.0,0.0,9.85,0.41,473.0,34.85,72.3,IFCT_DERIVED
P088,Vela meen,Aprion virescens,Marine Fish,NON_VEG,128.35,22.16,4.34,0.0,0.0,14.9,0.64,387.0,38.15,71.82,IFCT_DERIVED
P089,Vora,Siganus javus,Marine Fish,NON_VEG,100.86,20.14,2.14,0.0,0.0,7.64,0.27,401.0,43.66,76.94,IFCT_DERIVED
P090,Whale shark,Galeocerdo cuvier,Marine Fish,NON_VEG,95.84,21.83,0.82,0.0,0.0,8.32,0.33,365.0,116.0,77.59,IFCT_DERIVED
P091,Xiphinis,Xiphias gladius,Marine Fish,NON_VEG,88.43,19.82,0.88,0.0,0.0,12.08,0.54,306.0,66.21,79.22,IFCT_DERIVED
P092,"Eggs, cat fish",Ompok bimaculatus,Marine Fish,NON_VEG,143.4,24.68,5.28,0.0,0.0,61.69,6.65,252.0,54.83,69.34,IFCT_DERIVED
Q001,Crab,Menippe mercenaria,Marine Shellfish,NON_VEG,81.98,10.23,1.41,0.0,0.0,128.0,1.1,171.0,244.0,79.77,IFCT_DERIVED
Q002,"Crab, sea",Portunus sanguinolentus,Marine Shellfish,NON_VEG,67.64,15.36,0.6,0.0,0.0,333.0,0.98,252.0,313.0,79.67,IFCT_DERIVED
Q003,"Lobster, brown",Thenus orientalis,Marine Shellfish,NON_VEG,69.79,15.96,0.56,0.0,0.0,73.06,0.77,212.0,140.0,81.48,IFCT_DERIVED
Q004,"Lobster, king size",Thenus orientalis,Marine Shellfish,NON_VEG,89.63,18.54,0.78,0.0,0.0,66.44,0.35,315.0,191.0,77.77,IFCT_DERIVED
Q005,Mud crab,Scylla tranquebarica,Marine Shellfish,NON_VEG,45.41,10.0,0.55,0.0,0.0,201.0,0.87,227.0,305.0,83.1,IFCT_DERIVED
Q006,Oyster,Crassostrea sp.,Marine Shellfish,NON_VEG,60.23,9.51,2.44,0.0,0.0,126.0,0.9,122.0,41.01,82.5,IFCT_DERIVED
Q007,"Tiger prawns, brown",Solenocera crassicornis,Marine Shellfish,NON_VEG,65.25,14.85,0.56,0.0,0.0,37.81,0.73,141.0,188.0,82.41,IFCT_DERIVED
Q008,"Tiger Prawns, orange",Penaeus monodon,Marine Shellfish,NON_VEG,64.53,14.25,0.74,0.0,0.0,71.89,0.39,140.0,61.05,81.48,IFCT_DERIVED
R001,"Clam, green shell",Perna viridis,Marine Mollusks,NON_VEG,58.08,12.14,0.98,0.0,0.0,121.0,1.01,152.0,322.0,80.07,IFCT_DERIVED
R002,"Clam, white shell, ribbed",Meretrix meretrix,Marine Mollusks,NON_VEG,59.75,11.82,1.34,0.0,0.0,50.0,0.94,245.0,404.0,80.27,IFCT_DERIVED
R003,Octopus,Octopus vulgaris,Marine Mollusks,NON_VEG,79.83,14.71,1.12,0.0,0.0,22.1,1.08,181.0,230.0,80.45,IFCT_DERIVED
R004,"Squid, black",Loligo sp.,Marine Mollusks,NON_VEG,80.07,16.1,1.07,0.0,0.0,22.98,0.5,162.0,179.0,80.59,IFCT_DERIVED
R005,"Squid, hard shell",Sepia pharaonis,Marine Mollusks,NON_VEG,76.48,16.82,0.93,0.0,0.0,8.73,0.62,116.0,99.14,80.52,IFCT_DERIVED
R006,"Squid, red",Loligo duvauceli,Marine Mollusks,NON_VEG,78.63,16.25,1.44,0.0,0.0,14.15,0.26,134.0,121.0,80.85,IFCT_DERIVED
R007,"Squid, white, small",Uroteuthis duvauceli,Marine Mollusks,NON_VEG,84.37,17.41,1.15,0.0,0.0,36.46,0.39,134.0,154.0,79.38,IFCT_DERIVED
S001,Cat fish,Tandanus tandanus,Fresh Water Fish and Shellfish,NON_VEG,123.8,15.86,6.24,0.0,0.0,21.99,0.82,250.0,28.29,77.23,IFCT_DERIVED
S002,Catla,Catla catla,Fresh Water Fish and Shellfish,NON_VEG,94.17,17.94,2.15,0.0,0.0,43.53,1.14,301.0,36.56,78.43,IFCT_DERIVED
S003,Fresh water Eel,Anguilla anguilla,Fresh Water Fish and Shellfish,NON_VEG,107.79,20.41,2.63,0.0,0.0,52.99,1.54,450.0,88.67,75.57,IFCT_DERIVED
S004,Gold fish,Carassius auratus,Fresh Water Fish and Shellfish,NON_VEG,94.65,16.91,2.94,0.0,0.0,47.89,0.76,243.0,27.53,79.07,IFCT_DERIVED
S005,Pangas,Pangasianodon hypophthalmus,Fresh Water Fish and Shellfish,NON_VEG,203.63,17.12,16.77,0.0,0.0,11.19,0.69,282.0,37.42,68.5,IFCT_DERIVED
S006,Rohu,Labeo rohita,Fresh Water Fish and Shellfish,NON_VEG,102.29,19.71,2.39,0.0,0.0,39.37,1.04,303.0,35.56,76.34,IFCT_DERIVED
S007,Crab,Pachygrapsus sp.,Fresh Water Fish and Shellfish,NON_VEG,78.15,13.23,0.89,0.0,0.0,199.0,1.1,286.0,280.0,80.58,IFCT_DERIVED
S008,"Prawns, big",Macrobrachium rosenbergii,Fresh Water Fish and Shellfish,NON_VEG,90.82,19.24,0.52,0.0,0.0,48.55,0.78,269.0,849.0,77.43,IFCT_DERIVED
S009,"Prawns, small",Macrobrachium sp.,Fresh Water Fish and Shellfish,NON_VEG,70.98,13.07,0.78,0.0,0.0,67.99,0.87,224.0,77.71,82.58,IFCT_DERIVED
S010,Tiger prawns,Macrobrachium sp.,Fresh Water Fish and Shellfish,NON_VEG,67.88,14.24,0.66,0.0,0.0,57.9,0.84,149.0,80.77,83.24,IFCT_DERIVED
T001,Coconut oil,Cocos nucifera,Edible Oils and Fats,VEGETARIAN,900.0,0.0,100.0,0.0,0.0,0.0,0.0,0.0,0.0,0.0,IFCT_DERIVED
T002,Corn oil,Zea mays,Edible Oils and Fats,VEGETARIAN,900.09,0.0,100.01,0.0,0.0,0.0,0.0,0.0,0.0,0.0,IFCT_DERIVED
T003,Cotton seed oil,Gossypium spp.,Edible Oils and Fats,VEGETARIAN,899.91,0.0,99.99,0.0,0.0,0.0,0.0,0.0,0.0,0.0,IFCT_DERIVED
T004,Gingelly oil,Sesamum indicum,Edible Oils and Fats,VEGETARIAN,900.0,0.0,100.0,0.0,0.0,0.0,0.0,0.0,0.0,0.0,IFCT_DERIVED
T005,Groundnut oil,Arachis hypogaea,Edible Oils and Fats,VEGETARIAN,900.0,0.0,100.0,0.0,0.0,0.0,0.0,0.0,0.0,0.0,IFCT_DERIVED
T006,Mustard oil,Brassica spp.,Edible Oils and Fats,VEGETARIAN,900.0,0.0,100.0,0.0,0.0,0.0,0.0,0.0,0.0,0.0,IFCT_DERIVED
T007,Palm oil,Elaeis guineensis,Edible Oils and Fats,VEGETARIAN,900.0,0.0,100.0,0.0,0.0,0.0,0.0,0.0,0.0,0.0,IFCT_DERIVED
T008,Rice bran oil,Oryza sativa,Edible Oils and Fats,VEGETARIAN,900.0,0.0,100.0,0.0,0.0,0.0,0.0,0.0,0.0,0.0,IFCT_DERIVED
T009,Safflower oil,Carthamus tinctorius,Edible Oils and Fats,VEGETARIAN,900.09,0.0,100.01,0.0,0.0,0.0,0.0,0.0,0.0,0.0,IFCT_DERIVED
T010,Safflower oil (blended),,Edible Oils and Fats,VEGETARIAN,900.0,0.0,100.0,0.0,0.0,0.0,0.0,0.0,0.0,0.0,IFCT_DERIVED
T011,Soyabean oil,Glycine max,Edible Oils and Fats,VEGETARIAN,900.0,0.0,100.0,0.0,0.0,0.0,0.0,0.0,0.0,0.0,IFCT_DERIVED
T012,Sunflower oil,Helianthus annuus,Edible Oils and Fats,VEGETARIAN,900.0,0.0,100.0,0.0,0.0,0.0,0.0,0.0,0.0,0.0,IFCT_DERIVED
T013,Ghee,,Edible Oils and Fats,VEGETARIAN,900.0,0.0,100.0,0.0,0.0,0.0,0.0,0.0,0.0,0.0,IFCT_DERIVED
T014,Vanaspati,,Edible Oils and Fats,VEGETARIAN,900.0,0.0,100.0,0.0,0.0,0.0,0.0,0.0,0.0,0.0,IFCT_DERIVED
