menu_row_id,original_date,normalized_date,original_meal,normalized_meal,hostel_scope,original_dish,canonical_dish,is_dessert_flag,provenance_notes
1,2026-10-01,2026-10-01,Breakfast,BREAKFAST,COMMON,Poori Aloo Chana,Poori Aloo Chana,False,DIRECT_MENU_ITEM
2,2026-10-01,2026-10-01,Breakfast,BREAKFAST,COMMON,Tea,Tea,False,DIRECT_MENU_ITEM
3,2026-10-01,2026-10-01,Breakfast,BREAKFAST,COMMON,Pickle,Pickle,False,DIRECT_MENU_ITEM
4,2026-10-01,2026-10-01,Lunch,LUNCH,COMMON,Kadhi Aloo Onion,Aloo Onion Kadhi,False,CANONICAL_MAPPING
5,2026-10-01,2026-10-01,Lunch,LUNCH,COMMON,Aloo Matar,Aloo Matar,False,DIRECT_MENU_ITEM
6,2026-10-01,2026-10-01,Lunch,LUNCH,COMMON,Plain Rice,Plain Rice,False,CANONICAL_MAPPING
7,2026-10-01,2026-10-01,Lunch,LUNCH,COMMON,Fryums,Fryums,False,DIRECT_MENU_ITEM
8,2026-10-01,2026-10-01,Lunch,LUNCH,COMMON,Chapati,Chapati,False,DIRECT_MENU_ITEM
9,2026-10-01,2026-10-01,E-Tea,E_TEA,COMMON,Namkeen,Namkeen,False,DIRECT_MENU_ITEM
10,2026-10-01,2026-10-01,E-Tea,E_TEA,COMMON,Tea,Tea,False,DIRECT_MENU_ITEM
11,2026-10-01,2026-10-01,Girls Hostel,E_TEA,GIRLS_HOSTEL,Chocolate Pie,Chocolate Pie,False,DIRECT_MENU_ITEM
12,2026-10-01,2026-10-01,Girls Hostel,E_TEA,GIRLS_HOSTEL,Coffee,Coffee,False,DIRECT_MENU_ITEM
13,2026-10-01,2026-10-01,Dinner,DINNER,COMMON,White Chana Khata Mitha Kaddu,White Chana,False,COMPOUND_SPLIT_PRIMARY
14,2026-10-01,2026-10-01,Dinner,DINNER,COMMON,White Chana Khata Mitha Kaddu,Khata Mitha Kaddu,False,COMPOUND_SPLIT_SECONDARY
15,2026-10-01,2026-10-01,Dinner,DINNER,COMMON,Steamed Rice,Plain Rice,False,CANONICAL_MAPPING
16,2026-10-01,2026-10-01,Dinner,DINNER,COMMON,Green Salad,Green Salad,False,DIRECT_MENU_ITEM
17,2026-10-01,2026-10-01,Dinner,DINNER,COMMON,Chapati,Chapati,False,DIRECT_MENU_ITEM
18,2026-10-01,2026-10-01,Dessert,DINNER,COMMON,Custard,Custard,True,DIRECT_MENU_ITEM_DESSERT_ATTACHED_TO_DINNER
19,2026-10-02,2026-10-02,Breakfast,BREAKFAST,COMMON,Sweet Dalia,Sweet Dalia,False,DIRECT_MENU_ITEM
20,2026-10-02,2026-10-02,Breakfast,BREAKFAST,COMMON,Omelette,Omelette,False,DIRECT_MENU_ITEM
21,2026-10-02,2026-10-02,Breakfast,BREAKFAST,COMMON,Banana,Banana,False,DIRECT_MENU_ITEM
22,2026-10-02,2026-10-02,Breakfast,BREAKFAST,COMMON,Fat Spread,Fat Spread,False,DIRECT_MENU_ITEM
23,2026-10-02,2026-10-02,Breakfast,BREAKFAST,COMMON,Jam,Jam,False,DIRECT_MENU_ITEM
24,2026-10-02,2026-10-02,Breakfast,BREAKFAST,COMMON,Bread,Bread,False,DIRECT_MENU_ITEM
25,2026-10-02,2026-10-02,Breakfast,BREAKFAST,COMMON,Tea,Tea,False,DIRECT_MENU_ITEM
26,2026-10-02,2026-10-02,Lunch,LUNCH,COMMON,Sabut Masoor Dal Aloo Capsicum,Sabut Masoor,False,COMPOUND_SPLIT_PRIMARY
27,2026-10-02,2026-10-02,Lunch,LUNCH,COMMON,Sabut Masoor Dal Aloo Capsicum,Aloo Capsicum,False,COMPOUND_SPLIT_SECONDARY
28,2026-10-02,2026-10-02,Lunch,LUNCH,COMMON,Steamed Rice,Plain Rice,False,CANONICAL_MAPPING
29,2026-10-02,2026-10-02,Lunch,LUNCH,COMMON,Mix Raita,Mix Raita,False,CANONICAL_MAPPING
30,2026-10-02,2026-10-02,Lunch,LUNCH,COMMON,Green Salad,Green Salad,False,DIRECT_MENU_ITEM
31,2026-10-02,2026-10-02,Lunch,LUNCH,COMMON,Chapati,Chapati,False,DIRECT_MENU_ITEM
32,2026-10-02,2026-10-02,E-Tea,E_TEA,COMMON,Bread Pakora,Bread Pakora,False,DIRECT_MENU_ITEM
33,2026-10-02,2026-10-02,E-Tea,E_TEA,COMMON,Tea,Tea,False,DIRECT_MENU_ITEM
34,2026-10-02,2026-10-02,Girls Hostel,E_TEA,GIRLS_HOSTEL,Pink Sauce Pasta,Pink Sauce Pasta,False,DIRECT_MENU_ITEM
35,2026-10-02,2026-10-02,Girls Hostel,E_TEA,GIRLS_HOSTEL,Coffee,Coffee,False,DIRECT_MENU_ITEM
36,2026-10-02,2026-10-02,Dinner,DINNER,COMMON,Yellow Dal Tadka,Yellow Dal Tadka,False,CANONICAL_MAPPING
37,2026-10-02,2026-10-02,Dinner,DINNER,COMMON,Gobhi Matar,Gobhi Matar,False,DIRECT_MENU_ITEM
38,2026-10-02,2026-10-02,Dinner,DINNER,COMMON,Steamed Rice,Plain Rice,False,CANONICAL_MAPPING
39,2026-10-02,2026-10-02,Dinner,DINNER,COMMON,Green Salad,Green Salad,False,DIRECT_MENU_ITEM
40,2026-10-02,2026-10-02,Dinner,DINNER,COMMON,Chapati,Chapati,False,DIRECT_MENU_ITEM
41,2026-10-03,2026-10-03,Breakfast,BREAKFAST,COMMON,Stuffed Paratha,Stuffed Paratha,False,DIRECT_MENU_ITEM
42,2026-10-03,2026-10-03,Breakfast,BREAKFAST,COMMON,Curd,Plain Curd,False,CANONICAL_MAPPING
43,2026-10-03,2026-10-03,Breakfast,BREAKFAST,COMMON,Pickle,Pickle,False,DIRECT_MENU_ITEM
44,2026-10-03,2026-10-03,Breakfast,BREAKFAST,COMMON,Fat Spread,Fat Spread,False,DIRECT_MENU_ITEM
45,2026-10-03,2026-10-03,Breakfast,BREAKFAST,COMMON,Tea,Tea,False,DIRECT_MENU_ITEM
46,2026-10-03,2026-10-03,Lunch,LUNCH,COMMON,Black Dal Tadka,Black Dal Tadka,False,CANONICAL_MAPPING
47,2026-10-03,2026-10-03,Lunch,LUNCH,COMMON,Veg Jaipuri,Veg Jaipuri,False,DIRECT_MENU_ITEM
48,2026-10-03,2026-10-03,Lunch,LUNCH,COMMON,Boondi Raita,Boondi Raita,False,CANONICAL_MAPPING
49,2026-10-03,2026-10-03,Lunch,LUNCH,COMMON,Steamed Rice,Plain Rice,False,CANONICAL_MAPPING
50,2026-10-03,2026-10-03,Lunch,LUNCH,COMMON,Green Salad,Green Salad,False,DIRECT_MENU_ITEM
51,2026-10-03,2026-10-03,Lunch,LUNCH,COMMON,Chapati,Chapati,False,DIRECT_MENU_ITEM
52,2026-10-03,2026-10-03,E-Tea,E_TEA,COMMON,Pink Sauce Pasta,Pink Sauce Pasta,False,DIRECT_MENU_ITEM
53,2026-10-03,2026-10-03,E-Tea,E_TEA,COMMON,Coffee,Coffee,False,DIRECT_MENU_ITEM
54,2026-10-03,2026-10-03,Girls Hostel,E_TEA,GIRLS_HOSTEL,Namkeen,Namkeen,False,DIRECT_MENU_ITEM
55,2026-10-03,2026-10-03,Girls Hostel,E_TEA,GIRLS_HOSTEL,Tea,Tea,False,DIRECT_MENU_ITEM
56,2026-10-03,2026-10-03,Dinner,DINNER,COMMON,Veg Manchurian,Veg Manchurian,False,DIRECT_MENU_ITEM
57,2026-10-03,2026-10-03,Dinner,DINNER,COMMON,Veg Fried Rice,Veg Fried Rice,False,CANONICAL_MAPPING
58,2026-10-03,2026-10-03,Dinner,DINNER,COMMON,Black Chana,Black Chana,False,DIRECT_MENU_ITEM
59,2026-10-03,2026-10-03,Dinner,DINNER,COMMON,Green Salad,Green Salad,False,DIRECT_MENU_ITEM
60,2026-10-03,2026-10-03,Dinner,DINNER,COMMON,Chapati,Chapati,False,DIRECT_MENU_ITEM
61,2026-10-03,2026-10-03,Dessert,DINNER,COMMON,Chocolate,Chocolate,True,DIRECT_MENU_ITEM_DESSERT_ATTACHED_TO_DINNER
62,2026-10-04,2026-10-04,Breakfast,BREAKFAST,COMMON,Chole Bhature,Chole Bhature,False,DIRECT_MENU_ITEM
63,2026-10-04,2026-10-04,Breakfast,BREAKFAST,COMMON,Green Chilli,Green Chilli,False,DIRECT_MENU_ITEM
64,2026-10-04,2026-10-04,Breakfast,BREAKFAST,COMMON,Pickle,Pickle,False,DIRECT_MENU_ITEM
65,2026-10-04,2026-10-04,Breakfast,BREAKFAST,COMMON,Tea,Tea,False,DIRECT_MENU_ITEM
66,2026-10-04,2026-10-04,Breakfast,BREAKFAST,COMMON,Onion,Onion,False,DIRECT_MENU_ITEM
67,2026-10-04,2026-10-04,Lunch,LUNCH,COMMON,Veg Biryani,Veg Biryani,False,CANONICAL_MAPPING
68,2026-10-04,2026-10-04,Lunch,LUNCH,COMMON,Tam Aloo,Dum Aloo,False,SPELLING_NORMALISATION
69,2026-10-04,2026-10-04,Lunch,LUNCH,COMMON,Raita Mix,Mix Raita,False,CANONICAL_MAPPING
70,2026-10-04,2026-10-04,Lunch,LUNCH,COMMON,Beetroot Cucumber Salad,Beetroot Cucumber Salad,False,DIRECT_MENU_ITEM
71,2026-10-04,2026-10-04,Lunch,LUNCH,COMMON,Chapati,Chapati,False,DIRECT_MENU_ITEM
72,2026-10-04,2026-10-04,E-Tea,E_TEA,COMMON,Chocolate Pie,Chocolate Pie,False,DIRECT_MENU_ITEM
73,2026-10-04,2026-10-04,E-Tea,E_TEA,COMMON,Coffee,Coffee,False,DIRECT_MENU_ITEM
74,2026-10-04,2026-10-04,Girls Hostel,E_TEA,GIRLS_HOSTEL,Bread Pakora,Bread Pakora,False,DIRECT_MENU_ITEM
75,2026-10-04,2026-10-04,Girls Hostel,E_TEA,GIRLS_HOSTEL,Tea,Tea,False,DIRECT_MENU_ITEM
76,2026-10-04,2026-10-04,Dinner,DINNER,COMMON,Paneer Kolhapuri,Paneer Kolhapuri,False,DIRECT_MENU_ITEM
77,2026-10-04,2026-10-04,Dinner,DINNER,COMMON,Egg Curry,Egg Curry,False,DIRECT_MENU_ITEM
78,2026-10-04,2026-10-04,Dinner,DINNER,COMMON,Moong Sabut,Moong Sabut,False,CANONICAL_MAPPING
79,2026-10-04,2026-10-04,Dinner,DINNER,COMMON,Steamed Rice,Plain Rice,False,CANONICAL_MAPPING
80,2026-10-04,2026-10-04,Dinner,DINNER,COMMON,Green Salad,Green Salad,False,DIRECT_MENU_ITEM
81,2026-10-04,2026-10-04,Dinner,DINNER,COMMON,Chapati,Chapati,False,DIRECT_MENU_ITEM
82,2026-10-05,2026-10-05,Breakfast,BREAKFAST,COMMON,Pav Bhaji,Pav Bhaji,False,DIRECT_MENU_ITEM
83,2026-10-05,2026-10-05,Breakfast,BREAKFAST,COMMON,Tea,Tea,False,DIRECT_MENU_ITEM
84,2026-10-05,2026-10-05,Breakfast,BREAKFAST,COMMON,Pickle,Pickle,False,DIRECT_MENU_ITEM
85,2026-10-05,2026-10-05,Breakfast,BREAKFAST,COMMON,Milk,Milk,False,DIRECT_MENU_ITEM
86,2026-10-05,2026-10-05,Lunch,LUNCH,COMMON,Rajmah Ghiya Masala,Rajmah,False,COMPOUND_SPLIT_PRIMARY
87,2026-10-05,2026-10-05,Lunch,LUNCH,COMMON,Rajmah Ghiya Masala,Ghiya Masala,False,COMPOUND_SPLIT_SECONDARY
88,2026-10-05,2026-10-05,Lunch,LUNCH,COMMON,Jeera Rice,Jeera Rice,False,CANONICAL_MAPPING
89,2026-10-05,2026-10-05,Lunch,LUNCH,COMMON,Boondi Raita,Boondi Raita,False,CANONICAL_MAPPING
90,2026-10-05,2026-10-05,Lunch,LUNCH,COMMON,Kachumber Salad,Kachumber Salad,False,DIRECT_MENU_ITEM
91,2026-10-05,2026-10-05,Lunch,LUNCH,COMMON,Chapati,Chapati,False,DIRECT_MENU_ITEM
92,2026-10-05,2026-10-05,E-Tea,E_TEA,COMMON,Crispy Dal Kachori,Crispy Dal Kachori,False,DIRECT_MENU_ITEM
93,2026-10-05,2026-10-05,E-Tea,E_TEA,COMMON,Tea,Tea,False,DIRECT_MENU_ITEM
94,2026-10-05,2026-10-05,Girls Hostel,E_TEA,GIRLS_HOSTEL,Tea Cake,Tea Cake,False,DIRECT_MENU_ITEM
95,2026-10-05,2026-10-05,Girls Hostel,E_TEA,GIRLS_HOSTEL,Tea,Tea,False,DIRECT_MENU_ITEM
96,2026-10-05,2026-10-05,Dinner,DINNER,COMMON,Dal Palak,Dal Palak,False,CANONICAL_MAPPING
97,2026-10-05,2026-10-05,Dinner,DINNER,COMMON,Nutry Matar,Nutry Matar,False,CANONICAL_MAPPING
98,2026-10-05,2026-10-05,Dinner,DINNER,COMMON,Steamed Rice,Plain Rice,False,CANONICAL_MAPPING
99,2026-10-05,2026-10-05,Dinner,DINNER,COMMON,Green Salad,Green Salad,False,DIRECT_MENU_ITEM
100,2026-10-05,2026-10-05,Dinner,DINNER,COMMON,Chapati,Chapati,False,DIRECT_MENU_ITEM
101,2026-10-06,2026-10-06,Breakfast,BREAKFAST,COMMON,Cornflakes,Cornflakes,False,DIRECT_MENU_ITEM
102,2026-10-06,2026-10-06,Breakfast,BREAKFAST,COMMON,Masala Aloo,Masala Aloo,False,DIRECT_MENU_ITEM
103,2026-10-06,2026-10-06,Breakfast,BREAKFAST,COMMON,Sandwich,Sandwich,False,DIRECT_MENU_ITEM
104,2026-10-06,2026-10-06,Breakfast,BREAKFAST,COMMON,Tomato Ketchup,Tomato Ketchup,False,CANONICAL_MAPPING
105,2026-10-06,2026-10-06,Breakfast,BREAKFAST,COMMON,Milk,Milk,False,DIRECT_MENU_ITEM
106,2026-10-06,2026-10-06,Breakfast,BREAKFAST,COMMON,Tea,Tea,False,DIRECT_MENU_ITEM
107,2026-10-06,2026-10-06,Lunch,LUNCH,COMMON,Mix Dal Amritsari,Mix Dal Amritsari,False,CANONICAL_MAPPING
108,2026-10-06,2026-10-06,Lunch,LUNCH,COMMON,Aloo,Aloo,False,DIRECT_MENU_ITEM
109,2026-10-06,2026-10-06,Lunch,LUNCH,COMMON,Mint Raita,Mint Raita,False,CANONICAL_MAPPING
110,2026-10-06,2026-10-06,Lunch,LUNCH,COMMON,Steamed Rice,Plain Rice,False,CANONICAL_MAPPING
111,2026-10-06,2026-10-06,Lunch,LUNCH,COMMON,Green Salad,Green Salad,False,DIRECT_MENU_ITEM
112,2026-10-06,2026-10-06,Lunch,LUNCH,COMMON,Chapati,Chapati,False,DIRECT_MENU_ITEM
113,2026-10-06,2026-10-06,E-Tea,E_TEA,COMMON,Chips,Chips,False,DIRECT_MENU_ITEM
114,2026-10-06,2026-10-06,E-Tea,E_TEA,COMMON,Tea,Tea,False,DIRECT_MENU_ITEM
115,2026-10-06,2026-10-06,Girls Hostel,E_TEA,GIRLS_HOSTEL,Chips,Chips,False,DIRECT_MENU_ITEM
116,2026-10-06,2026-10-06,Girls Hostel,E_TEA,GIRLS_HOSTEL,Tea,Tea,False,DIRECT_MENU_ITEM
117,2026-10-06,2026-10-06,Dinner,DINNER,COMMON,Chana Dal Tadka,Chana Dal Tadka,False,CANONICAL_MAPPING
118,2026-10-06,2026-10-06,Dinner,DINNER,COMMON,Gobhi Adraki,Gobhi Adraki,False,DIRECT_MENU_ITEM
119,2026-10-06,2026-10-06,Dinner,DINNER,COMMON,Steamed Rice,Plain Rice,False,CANONICAL_MAPPING
120,2026-10-06,2026-10-06,Dinner,DINNER,COMMON,Green Salad,Green Salad,False,DIRECT_MENU_ITEM
121,2026-10-06,2026-10-06,Dinner,DINNER,COMMON,Chapati,Chapati,False,DIRECT_MENU_ITEM
122,2026-10-06,2026-10-06,Dessert,DINNER,COMMON,Gulab Jamun,Gulab Jamun,True,DIRECT_MENU_ITEM_DESSERT_ATTACHED_TO_DINNER
123,2026-10-07,2026-10-07,Breakfast,BREAKFAST,COMMON,Poha,Poha,False,DIRECT_MENU_ITEM
124,2026-10-07,2026-10-07,Breakfast,BREAKFAST,COMMON,Besan Chilla,Besan Chilla,False,DIRECT_MENU_ITEM
125,2026-10-07,2026-10-07,Breakfast,BREAKFAST,COMMON,Chutney,Chutney,False,DIRECT_MENU_ITEM
126,2026-10-07,2026-10-07,Breakfast,BREAKFAST,COMMON,Tea,Tea,False,DIRECT_MENU_ITEM
127,2026-10-07,2026-10-07,Breakfast,BREAKFAST,COMMON,Milk,Milk,False,DIRECT_MENU_ITEM
128,2026-10-07,2026-10-07,Lunch,LUNCH,COMMON,Dhaba Dal,Dhaba Dal,False,CANONICAL_MAPPING
129,2026-10-07,2026-10-07,Lunch,LUNCH,COMMON,Kadhai Veg,Kadhai Veg,False,DIRECT_MENU_ITEM
130,2026-10-07,2026-10-07,Lunch,LUNCH,COMMON,Mix Raita,Mix Raita,False,CANONICAL_MAPPING
131,2026-10-07,2026-10-07,Lunch,LUNCH,COMMON,Steamed Rice,Plain Rice,False,CANONICAL_MAPPING
132,2026-10-07,2026-10-07,Lunch,LUNCH,COMMON,Green Salad,Green Salad,False,DIRECT_MENU_ITEM
133,2026-10-07,2026-10-07,Lunch,LUNCH,COMMON,Chapati,Chapati,False,DIRECT_MENU_ITEM
134,2026-10-07,2026-10-07,E-Tea,E_TEA,COMMON,Tea Cake,Tea Cake,False,DIRECT_MENU_ITEM
135,2026-10-07,2026-10-07,E-Tea,E_TEA,COMMON,Tea,Tea,False,DIRECT_MENU_ITEM
136,2026-10-07,2026-10-07,Girls Hostel,E_TEA,GIRLS_HOSTEL,Crispy Dal Kachori,Crispy Dal Kachori,False,DIRECT_MENU_ITEM
137,2026-10-07,2026-10-07,Girls Hostel,E_TEA,GIRLS_HOSTEL,Tea,Tea,False,DIRECT_MENU_ITEM
138,2026-10-07,2026-10-07,Dinner,DINNER,COMMON,Butter Chicken,Butter Chicken,False,DIRECT_MENU_ITEM
139,2026-10-07,2026-10-07,Dinner,DINNER,COMMON,Paneer Do Pyaza,Paneer Do Pyaza,False,DIRECT_MENU_ITEM
140,2026-10-07,2026-10-07,Dinner,DINNER,COMMON,Lobiya Dal,Lobiya Dal,False,CANONICAL_MAPPING
141,2026-10-07,2026-10-07,Dinner,DINNER,COMMON,Steamed Rice,Plain Rice,False,CANONICAL_MAPPING
142,2026-10-07,2026-10-07,Dinner,DINNER,COMMON,Sirca Onion,Sirca Onion,False,DIRECT_MENU_ITEM
143,2026-10-07,2026-10-07,Dinner,DINNER,COMMON,Chapati,Chapati,False,DIRECT_MENU_ITEM
144,2026-10-08,2026-10-08,Breakfast,BREAKFAST,COMMON,Poori Aloo Chana,Poori Aloo Chana,False,DIRECT_MENU_ITEM
145,2026-10-08,2026-10-08,Breakfast,BREAKFAST,COMMON,Tea,Tea,False,DIRECT_MENU_ITEM
146,2026-10-08,2026-10-08,Breakfast,BREAKFAST,COMMON,Pickle,Pickle,False,DIRECT_MENU_ITEM
147,2026-10-08,2026-10-08,Lunch,LUNCH,COMMON,Kadhi Pakora,Kadhi Pakora,False,CANONICAL_MAPPING
148,2026-10-08,2026-10-08,Lunch,LUNCH,COMMON,Aloo Matar,Aloo Matar,False,DIRECT_MENU_ITEM
149,2026-10-08,2026-10-08,Lunch,LUNCH,COMMON,Plain Rice,Plain Rice,False,CANONICAL_MAPPING
150,2026-10-08,2026-10-08,Lunch,LUNCH,COMMON,Fryums,Fryums,False,DIRECT_MENU_ITEM
151,2026-10-08,2026-10-08,Lunch,LUNCH,COMMON,Chapati,Chapati,False,DIRECT_MENU_ITEM
152,2026-10-08,2026-10-08,E-Tea,E_TEA,COMMON,Danish Bun,Danish Bun,False,DIRECT_MENU_ITEM
153,2026-10-08,2026-10-08,E-Tea,E_TEA,COMMON,Coffee,Coffee,False,DIRECT_MENU_ITEM
154,2026-10-08,2026-10-08,Girls Hostel,E_TEA,GIRLS_HOSTEL,Namak Pare,Namak Pare,False,DIRECT_MENU_ITEM
155,2026-10-08,2026-10-08,Girls Hostel,E_TEA,GIRLS_HOSTEL,Tea,Tea,False,DIRECT_MENU_ITEM
156,2026-10-08,2026-10-08,Dinner,DINNER,COMMON,White Chana Khata Mitha Kaddu,White Chana,False,COMPOUND_SPLIT_PRIMARY
157,2026-10-08,2026-10-08,Dinner,DINNER,COMMON,White Chana Khata Mitha Kaddu,Khata Mitha Kaddu,False,COMPOUND_SPLIT_SECONDARY
158,2026-10-08,2026-10-08,Dinner,DINNER,COMMON,Steamed Rice,Plain Rice,False,CANONICAL_MAPPING
159,2026-10-08,2026-10-08,Dinner,DINNER,COMMON,Green Salad,Green Salad,False,DIRECT_MENU_ITEM
160,2026-10-08,2026-10-08,Dinner,DINNER,COMMON,Chapati,Chapati,False,DIRECT_MENU_ITEM
161,2026-10-08,2026-10-08,Dessert,DINNER,COMMON,Brownie,Brownie,True,DIRECT_MENU_ITEM_DESSERT_ATTACHED_TO_DINNER
162,2026-10-09,2026-10-09,Breakfast,BREAKFAST,COMMON,Sweet Dalia,Sweet Dalia,False,DIRECT_MENU_ITEM
163,2026-10-09,2026-10-09,Breakfast,BREAKFAST,COMMON,Boiled Egg,Boiled Egg,False,DIRECT_MENU_ITEM
164,2026-10-09,2026-10-09,Breakfast,BREAKFAST,COMMON,Banana,Banana,False,DIRECT_MENU_ITEM
165,2026-10-09,2026-10-09,Breakfast,BREAKFAST,COMMON,Fat Spread,Fat Spread,False,DIRECT_MENU_ITEM
166,2026-10-09,2026-10-09,Breakfast,BREAKFAST,COMMON,Jam,Jam,False,DIRECT_MENU_ITEM
167,2026-10-09,2026-10-09,Breakfast,BREAKFAST,COMMON,Bread,Bread,False,DIRECT_MENU_ITEM
168,2026-10-09,2026-10-09,Breakfast,BREAKFAST,COMMON,Tea,Tea,False,DIRECT_MENU_ITEM
169,2026-10-09,2026-10-09,Lunch,LUNCH,COMMON,Panchmail,Panchmail Dal,False,CANONICAL_MAPPING
170,2026-10-09,2026-10-09,Lunch,LUNCH,COMMON,Palak Corn,Palak Corn,False,DIRECT_MENU_ITEM
171,2026-10-09,2026-10-09,Lunch,LUNCH,COMMON,Steamed Rice,Plain Rice,False,CANONICAL_MAPPING
172,2026-10-09,2026-10-09,Lunch,LUNCH,COMMON,Boondi Raita,Boondi Raita,False,CANONICAL_MAPPING
173,2026-10-09,2026-10-09,Lunch,LUNCH,COMMON,Green Salad,Green Salad,False,DIRECT_MENU_ITEM
174,2026-10-09,2026-10-09,Lunch,LUNCH,COMMON,Chapati,Chapati,False,DIRECT_MENU_ITEM
175,2026-10-09,2026-10-09,E-Tea,E_TEA,COMMON,Namak Pare,Namak Pare,False,DIRECT_MENU_ITEM
176,2026-10-09,2026-10-09,E-Tea,E_TEA,COMMON,Tea,Tea,False,DIRECT_MENU_ITEM
177,2026-10-09,2026-10-09,Girls Hostel,E_TEA,GIRLS_HOSTEL,Danish Bun,Danish Bun,False,DIRECT_MENU_ITEM
178,2026-10-09,2026-10-09,Girls Hostel,E_TEA,GIRLS_HOSTEL,Coffee,Coffee,False,DIRECT_MENU_ITEM
179,2026-10-09,2026-10-09,Dinner,DINNER,COMMON,Chana Toor Dal,Chana Toor Dal,False,CANONICAL_MAPPING
180,2026-10-09,2026-10-09,Dinner,DINNER,COMMON,Nutry Masala,Nutry Masala,False,CANONICAL_MAPPING
181,2026-10-09,2026-10-09,Dinner,DINNER,COMMON,Steamed Rice,Plain Rice,False,CANONICAL_MAPPING
182,2026-10-09,2026-10-09,Dinner,DINNER,COMMON,Green Salad,Green Salad,False,DIRECT_MENU_ITEM
183,2026-10-09,2026-10-09,Dinner,DINNER,COMMON,Chapati,Chapati,False,DIRECT_MENU_ITEM
184,2026-10-10,2026-10-10,Breakfast,BREAKFAST,COMMON,Stuffed Paratha,Stuffed Paratha,False,DIRECT_MENU_ITEM
185,2026-10-10,2026-10-10,Breakfast,BREAKFAST,COMMON,Curd,Plain Curd,False,CANONICAL_MAPPING
186,2026-10-10,2026-10-10,Breakfast,BREAKFAST,COMMON,Pickle,Pickle,False,DIRECT_MENU_ITEM
187,2026-10-10,2026-10-10,Breakfast,BREAKFAST,COMMON,Fat Spread,Fat Spread,False,DIRECT_MENU_ITEM
188,2026-10-10,2026-10-10,Breakfast,BREAKFAST,COMMON,Tea,Tea,False,DIRECT_MENU_ITEM
189,2026-10-10,2026-10-10,Lunch,LUNCH,COMMON,Dal Makhani,Dal Makhani,False,CANONICAL_MAPPING
190,2026-10-10,2026-10-10,Lunch,LUNCH,COMMON,Green Peas Masala,Green Peas Masala,False,DIRECT_MENU_ITEM
191,2026-10-10,2026-10-10,Lunch,LUNCH,COMMON,Steamed Rice,Plain Rice,False,CANONICAL_MAPPING
192,2026-10-10,2026-10-10,Lunch,LUNCH,COMMON,Jeera Raita,Jeera Raita,False,CANONICAL_MAPPING
193,2026-10-10,2026-10-10,Lunch,LUNCH,COMMON,Green Salad,Green Salad,False,DIRECT_MENU_ITEM
194,2026-10-10,2026-10-10,Lunch,LUNCH,COMMON,Chapati,Chapati,False,DIRECT_MENU_ITEM
195,2026-10-10,2026-10-10,E-Tea,E_TEA,COMMON,Samosa,Samosa,False,DIRECT_MENU_ITEM
196,2026-10-10,2026-10-10,E-Tea,E_TEA,COMMON,Tea,Tea,False,DIRECT_MENU_ITEM
197,2026-10-10,2026-10-10,Girls Hostel,E_TEA,GIRLS_HOSTEL,Namkeen,Namkeen,False,DIRECT_MENU_ITEM
198,2026-10-10,2026-10-10,Girls Hostel,E_TEA,GIRLS_HOSTEL,Tea,Tea,False,DIRECT_MENU_ITEM
199,2026-10-10,2026-10-10,Dinner,DINNER,COMMON,Black Chana Mix Veg,Black Chana,False,COMPOUND_SPLIT_PRIMARY
200,2026-10-10,2026-10-10,Dinner,DINNER,COMMON,Black Chana Mix Veg,Mix Veg,False,COMPOUND_SPLIT_SECONDARY
201,2026-10-10,2026-10-10,Dinner,DINNER,COMMON,Jeera Rice,Jeera Rice,False,CANONICAL_MAPPING
202,2026-10-10,2026-10-10,Dinner,DINNER,COMMON,Kachumber Salad,Kachumber Salad,False,DIRECT_MENU_ITEM
203,2026-10-10,2026-10-10,Dinner,DINNER,COMMON,Chapati,Chapati,False,DIRECT_MENU_ITEM
204,2026-10-11,2026-10-11,Breakfast,BREAKFAST,COMMON,Chole Bhature,Chole Bhature,False,DIRECT_MENU_ITEM
205,2026-10-11,2026-10-11,Breakfast,BREAKFAST,COMMON,Green Chilli,Green Chilli,False,DIRECT_MENU_ITEM
206,2026-10-11,2026-10-11,Breakfast,BREAKFAST,COMMON,Pickle,Pickle,False,DIRECT_MENU_ITEM
207,2026-10-11,2026-10-11,Breakfast,BREAKFAST,COMMON,Tea,Tea,False,DIRECT_MENU_ITEM
208,2026-10-11,2026-10-11,Breakfast,BREAKFAST,COMMON,Onion,Onion,False,DIRECT_MENU_ITEM
209,2026-10-11,2026-10-11,Lunch,LUNCH,COMMON,Veg Biryani,Veg Biryani,False,CANONICAL_MAPPING
210,2026-10-11,2026-10-11,Lunch,LUNCH,COMMON,Tam Aloo,Dum Aloo,False,SPELLING_NORMALISATION
211,2026-10-11,2026-10-11,Lunch,LUNCH,COMMON,Raita Mix,Mix Raita,False,CANONICAL_MAPPING
212,2026-10-11,2026-10-11,Lunch,LUNCH,COMMON,Beetroot Cucumber Salad,Beetroot Cucumber Salad,False,DIRECT_MENU_ITEM
213,2026-10-11,2026-10-11,Lunch,LUNCH,COMMON,Chapati,Chapati,False,DIRECT_MENU_ITEM
214,2026-10-11,2026-10-11,E-Tea,E_TEA,COMMON,Namkeen,Namkeen,False,DIRECT_MENU_ITEM
215,2026-10-11,2026-10-11,E-Tea,E_TEA,COMMON,Tea,Tea,False,DIRECT_MENU_ITEM
216,2026-10-11,2026-10-11,Girls Hostel,E_TEA,GIRLS_HOSTEL,Samosa,Samosa,False,DIRECT_MENU_ITEM
217,2026-10-11,2026-10-11,Girls Hostel,E_TEA,GIRLS_HOSTEL,Tea,Tea,False,DIRECT_MENU_ITEM
218,2026-10-11,2026-10-11,Dinner,DINNER,COMMON,Kadhai Paneer,Kadhai Paneer,False,DIRECT_MENU_ITEM
219,2026-10-11,2026-10-11,Dinner,DINNER,COMMON,Green Moong Dal,Moong Dal,False,CANONICAL_MAPPING
220,2026-10-11,2026-10-11,Dinner,DINNER,COMMON,Steamed Rice,Plain Rice,False,CANONICAL_MAPPING
221,2026-10-11,2026-10-11,Dinner,DINNER,COMMON,Green Salad,Green Salad,False,DIRECT_MENU_ITEM
222,2026-10-11,2026-10-11,Dinner,DINNER,COMMON,Chapati,Chapati,False,DIRECT_MENU_ITEM
223,2026-10-11,2026-10-11,Dessert,DINNER,COMMON,Sabudana Kheer,Sabudana Kheer,True,DIRECT_MENU_ITEM_DESSERT_ATTACHED_TO_DINNER
224,2026-10-12,2026-10-12,Breakfast,BREAKFAST,COMMON,Pav Bhaji,Pav Bhaji,False,DIRECT_MENU_ITEM
225,2026-10-12,2026-10-12,Breakfast,BREAKFAST,COMMON,Tea,Tea,False,DIRECT_MENU_ITEM
226,2026-10-12,2026-10-12,Breakfast,BREAKFAST,COMMON,Pickle,Pickle,False,DIRECT_MENU_ITEM
227,2026-10-12,2026-10-12,Breakfast,BREAKFAST,COMMON,Milk,Milk,False,DIRECT_MENU_ITEM
228,2026-10-12,2026-10-12,Lunch,LUNCH,COMMON,Rajmah Ghiya Masala,Rajmah,False,COMPOUND_SPLIT_PRIMARY
229,2026-10-12,2026-10-12,Lunch,LUNCH,COMMON,Rajmah Ghiya Masala,Ghiya Masala,False,COMPOUND_SPLIT_SECONDARY
230,2026-10-12,2026-10-12,Lunch,LUNCH,COMMON,Jeera Rice,Jeera Rice,False,CANONICAL_MAPPING
231,2026-10-12,2026-10-12,Lunch,LUNCH,COMMON,Boondi Raita,Boondi Raita,False,CANONICAL_MAPPING
232,2026-10-12,2026-10-12,Lunch,LUNCH,COMMON,Green Salad,Green Salad,False,DIRECT_MENU_ITEM
233,2026-10-12,2026-10-12,Lunch,LUNCH,COMMON,Chapati,Chapati,False,DIRECT_MENU_ITEM
234,2026-10-12,2026-10-12,E-Tea,E_TEA,COMMON,Mathi,Mathi,False,DIRECT_MENU_ITEM
235,2026-10-12,2026-10-12,E-Tea,E_TEA,COMMON,Tea,Tea,False,DIRECT_MENU_ITEM
236,2026-10-12,2026-10-12,Girls Hostel,E_TEA,GIRLS_HOSTEL,Biscuit,Biscuit,False,DIRECT_MENU_ITEM
237,2026-10-12,2026-10-12,Girls Hostel,E_TEA,GIRLS_HOSTEL,Coffee,Coffee,False,DIRECT_MENU_ITEM
238,2026-10-12,2026-10-12,Dinner,DINNER,COMMON,Dal Palak,Dal Palak,False,CANONICAL_MAPPING
239,2026-10-12,2026-10-12,Dinner,DINNER,COMMON,Gobhi Matar,Gobhi Matar,False,DIRECT_MENU_ITEM
240,2026-10-12,2026-10-12,Dinner,DINNER,COMMON,Steamed Rice,Plain Rice,False,CANONICAL_MAPPING
241,2026-10-12,2026-10-12,Dinner,DINNER,COMMON,Green Salad,Green Salad,False,DIRECT_MENU_ITEM
242,2026-10-12,2026-10-12,Dinner,DINNER,COMMON,Chapati,Chapati,False,DIRECT_MENU_ITEM
243,2026-10-13,2026-10-13,Breakfast,BREAKFAST,COMMON,Namkeen Seviyan,Namkeen Seviyan,False,DIRECT_MENU_ITEM
244,2026-10-13,2026-10-13,Breakfast,BREAKFAST,COMMON,Masala Aloo,Masala Aloo,False,DIRECT_MENU_ITEM
245,2026-10-13,2026-10-13,Breakfast,BREAKFAST,COMMON,Sandwich,Sandwich,False,DIRECT_MENU_ITEM
246,2026-10-13,2026-10-13,Breakfast,BREAKFAST,COMMON,Tomato,Tomato,False,DIRECT_MENU_ITEM
247,2026-10-13,2026-10-13,Breakfast,BREAKFAST,COMMON,Ketchup,Tomato Ketchup,False,CANONICAL_MAPPING
248,2026-10-13,2026-10-13,Breakfast,BREAKFAST,COMMON,Milk,Milk,False,DIRECT_MENU_ITEM
249,2026-10-13,2026-10-13,Breakfast,BREAKFAST,COMMON,Tea,Tea,False,DIRECT_MENU_ITEM
250,2026-10-13,2026-10-13,Lunch,LUNCH,COMMON,Mix Dal,Mix Dal Amritsari,False,CANONICAL_MAPPING
251,2026-10-13,2026-10-13,Lunch,LUNCH,COMMON,Corn Peas Masala,Corn Peas Masala,False,DIRECT_MENU_ITEM
252,2026-10-13,2026-10-13,Lunch,LUNCH,COMMON,Mix Raita,Mix Raita,False,CANONICAL_MAPPING
253,2026-10-13,2026-10-13,Lunch,LUNCH,COMMON,Steamed Rice,Plain Rice,False,CANONICAL_MAPPING
254,2026-10-13,2026-10-13,Lunch,LUNCH,COMMON,Green Salad,Green Salad,False,DIRECT_MENU_ITEM
255,2026-10-13,2026-10-13,Lunch,LUNCH,COMMON,Chapati,Chapati,False,DIRECT_MENU_ITEM
256,2026-10-13,2026-10-13,E-Tea,E_TEA,COMMON,Biscuit,Biscuit,False,DIRECT_MENU_ITEM
257,2026-10-13,2026-10-13,E-Tea,E_TEA,COMMON,Coffee,Coffee,False,DIRECT_MENU_ITEM
258,2026-10-13,2026-10-13,Girls Hostel,E_TEA,GIRLS_HOSTEL,Mathi,Mathi,False,DIRECT_MENU_ITEM
259,2026-10-13,2026-10-13,Girls Hostel,E_TEA,GIRLS_HOSTEL,Tea,Tea,False,DIRECT_MENU_ITEM
260,2026-10-13,2026-10-13,Dinner,DINNER,COMMON,White Chana Nutry Keema,White Chana,False,COMPOUND_SPLIT_PRIMARY
261,2026-10-13,2026-10-13,Dinner,DINNER,COMMON,White Chana Nutry Keema,Nutry Masala,False,COMPOUND_SPLIT_SECONDARY
262,2026-10-13,2026-10-13,Dinner,DINNER,COMMON,Steamed Rice,Plain Rice,False,CANONICAL_MAPPING
263,2026-10-13,2026-10-13,Dinner,DINNER,COMMON,Green Salad,Green Salad,False,DIRECT_MENU_ITEM
264,2026-10-13,2026-10-13,Dinner,DINNER,COMMON,Chapati,Chapati,False,DIRECT_MENU_ITEM
265,2026-10-13,2026-10-13,Dessert,DINNER,COMMON,Besan Ka Halwa,Besan Ka Halwa,True,DIRECT_MENU_ITEM_DESSERT_ATTACHED_TO_DINNER
266,2026-10-14,2026-10-14,Breakfast,BREAKFAST,COMMON,Poha,Poha,False,DIRECT_MENU_ITEM
267,2026-10-14,2026-10-14,Breakfast,BREAKFAST,COMMON,Besan Chilla,Besan Chilla,False,DIRECT_MENU_ITEM
268,2026-10-14,2026-10-14,Breakfast,BREAKFAST,COMMON,Chutney,Chutney,False,DIRECT_MENU_ITEM
269,2026-10-14,2026-10-14,Breakfast,BREAKFAST,COMMON,Tea,Tea,False,DIRECT_MENU_ITEM
270,2026-10-14,2026-10-14,Breakfast,BREAKFAST,COMMON,Milk,Milk,False,DIRECT_MENU_ITEM
271,2026-10-14,2026-10-14,Lunch,LUNCH,COMMON,Black Dal Tadka,Black Dal Tadka,False,CANONICAL_MAPPING
272,2026-10-14,2026-10-14,Lunch,LUNCH,COMMON,Veg Korma,Veg Korma,False,DIRECT_MENU_ITEM
273,2026-10-14,2026-10-14,Lunch,LUNCH,COMMON,Boondi Raita,Boondi Raita,False,CANONICAL_MAPPING
274,2026-10-14,2026-10-14,Lunch,LUNCH,COMMON,Steamed Rice,Plain Rice,False,CANONICAL_MAPPING
275,2026-10-14,2026-10-14,Lunch,LUNCH,COMMON,Green Salad,Green Salad,False,DIRECT_MENU_ITEM
276,2026-10-14,2026-10-14,Lunch,LUNCH,COMMON,Chapati,Chapati,False,DIRECT_MENU_ITEM
277,2026-10-14,2026-10-14,E-Tea,E_TEA,COMMON,Bread Pakora,Bread Pakora,False,DIRECT_MENU_ITEM
278,2026-10-14,2026-10-14,E-Tea,E_TEA,COMMON,Tea,Tea,False,DIRECT_MENU_ITEM
279,2026-10-14,2026-10-14,Girls Hostel,E_TEA,GIRLS_HOSTEL,Muffin,Muffin,False,DIRECT_MENU_ITEM
280,2026-10-14,2026-10-14,Girls Hostel,E_TEA,GIRLS_HOSTEL,Tea,Tea,False,DIRECT_MENU_ITEM
281,2026-10-14,2026-10-14,Dinner,DINNER,COMMON,Paneer Lababdar,Paneer Lababdar,False,DIRECT_MENU_ITEM
282,2026-10-14,2026-10-14,Dinner,DINNER,COMMON,Lobiya Dal,Lobiya Dal,False,CANONICAL_MAPPING
283,2026-10-14,2026-10-14,Dinner,DINNER,COMMON,Steamed Rice,Plain Rice,False,CANONICAL_MAPPING
284,2026-10-14,2026-10-14,Dinner,DINNER,COMMON,Sirca Onion,Sirca Onion,False,DIRECT_MENU_ITEM
285,2026-10-14,2026-10-14,Dinner,DINNER,COMMON,Chapati,Chapati,False,DIRECT_MENU_ITEM
286,2026-10-15,2026-10-15,Breakfast,BREAKFAST,COMMON,Pav Bhaji,Pav Bhaji,False,DIRECT_MENU_ITEM
287,2026-10-15,2026-10-15,Breakfast,BREAKFAST,COMMON,Tea,Tea,False,DIRECT_MENU_ITEM
288,2026-10-15,2026-10-15,Breakfast,BREAKFAST,COMMON,Pickle,Pickle,False,DIRECT_MENU_ITEM
289,2026-10-15,2026-10-15,Breakfast,BREAKFAST,COMMON,Milk,Milk,False,DIRECT_MENU_ITEM
290,2026-10-15,2026-10-15,Lunch,LUNCH,COMMON,Aloo Onion Kadhi,Aloo Onion Kadhi,False,CANONICAL_MAPPING
291,2026-10-15,2026-10-15,Lunch,LUNCH,COMMON,Jeera Aloo,Jeera Aloo,False,CANONICAL_MAPPING
292,2026-10-15,2026-10-15,Lunch,LUNCH,COMMON,Steamed Rice,Plain Rice,False,CANONICAL_MAPPING
293,2026-10-15,2026-10-15,Lunch,LUNCH,COMMON,Fryums,Fryums,False,DIRECT_MENU_ITEM
294,2026-10-15,2026-10-15,Lunch,LUNCH,COMMON,Chapati,Chapati,False,DIRECT_MENU_ITEM
295,2026-10-15,2026-10-15,E-Tea,E_TEA,COMMON,Muffin,Muffin,False,DIRECT_MENU_ITEM
296,2026-10-15,2026-10-15,E-Tea,E_TEA,COMMON,Tea,Tea,False,DIRECT_MENU_ITEM
297,2026-10-15,2026-10-15,Girls Hostel,E_TEA,GIRLS_HOSTEL,Bread Pakora,Bread Pakora,False,DIRECT_MENU_ITEM
298,2026-10-15,2026-10-15,Girls Hostel,E_TEA,GIRLS_HOSTEL,Tea,Tea,False,DIRECT_MENU_ITEM
299,2026-10-15,2026-10-15,Dinner,DINNER,COMMON,Rajmah,Rajmah,False,DIRECT_MENU_ITEM
300,2026-10-15,2026-10-15,Dinner,DINNER,COMMON,Khata Mitha Kaddu,Khata Mitha Kaddu,False,DIRECT_MENU_ITEM
301,2026-10-15,2026-10-15,Dinner,DINNER,COMMON,Steamed Rice,Plain Rice,False,CANONICAL_MAPPING
302,2026-10-15,2026-10-15,Dinner,DINNER,COMMON,Green Salad,Green Salad,False,DIRECT_MENU_ITEM
303,2026-10-15,2026-10-15,Dinner,DINNER,COMMON,Chapati,Chapati,False,DIRECT_MENU_ITEM
304,2026-10-15,2026-10-15,Dessert,DINNER,COMMON,Vermicelli Pudding with Condensed Milk,Vermicelli Pudding with Condensed Milk,True,DIRECT_MENU_ITEM_DESSERT_ATTACHED_TO_DINNER
305,2026-10-16,2026-10-16,Breakfast,BREAKFAST,COMMON,Sweet Dalia,Sweet Dalia,False,DIRECT_MENU_ITEM
306,2026-10-16,2026-10-16,Breakfast,BREAKFAST,COMMON,Omelette,Omelette,False,DIRECT_MENU_ITEM
307,2026-10-16,2026-10-16,Breakfast,BREAKFAST,COMMON,Banana,Banana,False,DIRECT_MENU_ITEM
308,2026-10-16,2026-10-16,Breakfast,BREAKFAST,COMMON,Fat Spread,Fat Spread,False,DIRECT_MENU_ITEM
309,2026-10-16,2026-10-16,Breakfast,BREAKFAST,COMMON,Jam,Jam,False,DIRECT_MENU_ITEM
310,2026-10-16,2026-10-16,Breakfast,BREAKFAST,COMMON,Bread,Bread,False,DIRECT_MENU_ITEM
311,2026-10-16,2026-10-16,Breakfast,BREAKFAST,COMMON,Tea,Tea,False,DIRECT_MENU_ITEM
312,2026-10-16,2026-10-16,Lunch,LUNCH,COMMON,Malka Masoor,Malka Masoor,False,CANONICAL_MAPPING
313,2026-10-16,2026-10-16,Lunch,LUNCH,COMMON,Veg Kofta Curry,Veg Kofta Curry,False,DIRECT_MENU_ITEM
314,2026-10-16,2026-10-16,Lunch,LUNCH,COMMON,Boondi Raita,Boondi Raita,False,CANONICAL_MAPPING
315,2026-10-16,2026-10-16,Lunch,LUNCH,COMMON,Jeera Rice,Jeera Rice,False,CANONICAL_MAPPING
316,2026-10-16,2026-10-16,Lunch,LUNCH,COMMON,Green Salad,Green Salad,False,DIRECT_MENU_ITEM
317,2026-10-16,2026-10-16,Lunch,LUNCH,COMMON,Chapati,Chapati,False,DIRECT_MENU_ITEM
318,2026-10-16,2026-10-16,E-Tea,E_TEA,COMMON,Pink Sauce Pasta,Pink Sauce Pasta,False,DIRECT_MENU_ITEM
319,2026-10-16,2026-10-16,E-Tea,E_TEA,COMMON,Tea,Tea,False,DIRECT_MENU_ITEM
320,2026-10-16,2026-10-16,Girls Hostel,E_TEA,GIRLS_HOSTEL,Chips,Chips,False,DIRECT_MENU_ITEM
321,2026-10-16,2026-10-16,Girls Hostel,E_TEA,GIRLS_HOSTEL,Tea,Tea,False,DIRECT_MENU_ITEM
322,2026-10-16,2026-10-16,Dinner,DINNER,COMMON,Black Chana,Black Chana,False,DIRECT_MENU_ITEM
323,2026-10-16,2026-10-16,Dinner,DINNER,COMMON,Dum Aloo Punjabi,Dum Aloo,False,CANONICAL_MAPPING
324,2026-10-16,2026-10-16,Dinner,DINNER,COMMON,Steamed Rice,Plain Rice,False,CANONICAL_MAPPING
325,2026-10-16,2026-10-16,Dinner,DINNER,COMMON,Green Salad,Green Salad,False,DIRECT_MENU_ITEM
326,2026-10-16,2026-10-16,Dinner,DINNER,COMMON,Chapati,Chapati,False,DIRECT_MENU_ITEM
327,2026-10-17,2026-10-17,Breakfast,BREAKFAST,COMMON,Stuffed Paratha,Stuffed Paratha,False,DIRECT_MENU_ITEM
328,2026-10-17,2026-10-17,Breakfast,BREAKFAST,COMMON,Curd,Plain Curd,False,CANONICAL_MAPPING
329,2026-10-17,2026-10-17,Breakfast,BREAKFAST,COMMON,Pickle,Pickle,False,DIRECT_MENU_ITEM
330,2026-10-17,2026-10-17,Breakfast,BREAKFAST,COMMON,Fat Spread,Fat Spread,False,DIRECT_MENU_ITEM
331,2026-10-17,2026-10-17,Breakfast,BREAKFAST,COMMON,Tea,Tea,False,DIRECT_MENU_ITEM
332,2026-10-17,2026-10-17,Lunch,LUNCH,COMMON,Dal Makhani,Dal Makhani,False,CANONICAL_MAPPING
333,2026-10-17,2026-10-17,Lunch,LUNCH,COMMON,Nutry Masala,Nutry Masala,False,CANONICAL_MAPPING
334,2026-10-17,2026-10-17,Lunch,LUNCH,COMMON,Steamed Rice,Plain Rice,False,CANONICAL_MAPPING
335,2026-10-17,2026-10-17,Lunch,LUNCH,COMMON,Green Salad,Green Salad,False,DIRECT_MENU_ITEM
336,2026-10-17,2026-10-17,Lunch,LUNCH,COMMON,Jeera Raita,Jeera Raita,False,CANONICAL_MAPPING
337,2026-10-17,2026-10-17,Lunch,LUNCH,COMMON,Chapati,Chapati,False,DIRECT_MENU_ITEM
338,2026-10-17,2026-10-17,E-Tea,E_TEA,COMMON,Chips,Chips,False,DIRECT_MENU_ITEM
339,2026-10-17,2026-10-17,E-Tea,E_TEA,COMMON,Tea,Tea,False,DIRECT_MENU_ITEM
340,2026-10-17,2026-10-17,Girls Hostel,E_TEA,GIRLS_HOSTEL,Pink Sauce Pasta,Pink Sauce Pasta,False,DIRECT_MENU_ITEM
341,2026-10-17,2026-10-17,Girls Hostel,E_TEA,GIRLS_HOSTEL,Tea,Tea,False,DIRECT_MENU_ITEM
342,2026-10-17,2026-10-17,Dinner,DINNER,COMMON,Veg Manchurian,Veg Manchurian,False,DIRECT_MENU_ITEM
343,2026-10-17,2026-10-17,Dinner,DINNER,COMMON,Dal Maratha,Dal Maratha,False,CANONICAL_MAPPING
344,2026-10-17,2026-10-17,Dinner,DINNER,COMMON,Veg Fried Rice,Veg Fried Rice,False,CANONICAL_MAPPING
345,2026-10-17,2026-10-17,Dinner,DINNER,COMMON,Green Salad,Green Salad,False,DIRECT_MENU_ITEM
346,2026-10-17,2026-10-17,Dinner,DINNER,COMMON,Chapati,Chapati,False,DIRECT_MENU_ITEM
347,2026-10-17,2026-10-17,Dessert,DINNER,COMMON,Chocolate,Chocolate,True,DIRECT_MENU_ITEM_DESSERT_ATTACHED_TO_DINNER
348,2026-10-18,2026-10-18,Breakfast,BREAKFAST,COMMON,Chole Bhature,Chole Bhature,False,DIRECT_MENU_ITEM
349,2026-10-18,2026-10-18,Breakfast,BREAKFAST,COMMON,Green Chilli,Green Chilli,False,DIRECT_MENU_ITEM
350,2026-10-18,2026-10-18,Breakfast,BREAKFAST,COMMON,Pickle,Pickle,False,DIRECT_MENU_ITEM
351,2026-10-18,2026-10-18,Breakfast,BREAKFAST,COMMON,Tea,Tea,False,DIRECT_MENU_ITEM
352,2026-10-18,2026-10-18,Breakfast,BREAKFAST,COMMON,Onion,Onion,False,DIRECT_MENU_ITEM
353,2026-10-18,2026-10-18,Lunch,LUNCH,COMMON,Khichadi,Khichdi,False,SPELLING_NORMALISATION
354,2026-10-18,2026-10-18,Lunch,LUNCH,COMMON,Aloo Capsicum,Aloo Capsicum,False,CANONICAL_MAPPING
355,2026-10-18,2026-10-18,Lunch,LUNCH,COMMON,Plain Curd,Plain Curd,False,CANONICAL_MAPPING
356,2026-10-18,2026-10-18,Lunch,LUNCH,COMMON,Cucumber Salad,Cucumber Salad,False,DIRECT_MENU_ITEM
357,2026-10-18,2026-10-18,Lunch,LUNCH,COMMON,Chapati,Chapati,False,DIRECT_MENU_ITEM
358,2026-10-18,2026-10-18,E-Tea,E_TEA,COMMON,Samosa,Samosa,False,DIRECT_MENU_ITEM
359,2026-10-18,2026-10-18,E-Tea,E_TEA,COMMON,Tea,Tea,False,DIRECT_MENU_ITEM
360,2026-10-18,2026-10-18,Girls Hostel,E_TEA,GIRLS_HOSTEL,Namkeen,Namkeen,False,DIRECT_MENU_ITEM
361,2026-10-18,2026-10-18,Girls Hostel,E_TEA,GIRLS_HOSTEL,Tea,Tea,False,DIRECT_MENU_ITEM
362,2026-10-18,2026-10-18,Dinner,DINNER,COMMON,Paneer Butter Masala,Paneer Butter Masala,False,DIRECT_MENU_ITEM
363,2026-10-18,2026-10-18,Dinner,DINNER,COMMON,Lobiya,Lobiya Dal,False,CANONICAL_MAPPING
364,2026-10-18,2026-10-18,Dinner,DINNER,COMMON,Steamed Rice,Plain Rice,False,CANONICAL_MAPPING
365,2026-10-18,2026-10-18,Dinner,DINNER,COMMON,Green Salad,Green Salad,False,DIRECT_MENU_ITEM
366,2026-10-18,2026-10-18,Dinner,DINNER,COMMON,Chapati,Chapati,False,DIRECT_MENU_ITEM
367,2026-10-19,2026-10-19,Breakfast,BREAKFAST,COMMON,Poori,Poori,False,DIRECT_MENU_ITEM
368,2026-10-19,2026-10-19,Breakfast,BREAKFAST,COMMON,Black Chana,Black Chana,False,DIRECT_MENU_ITEM
369,2026-10-19,2026-10-19,Breakfast,BREAKFAST,COMMON,Halwa,Halwa,False,DIRECT_MENU_ITEM
370,2026-10-19,2026-10-19,Breakfast,BREAKFAST,COMMON,Tea,Tea,False,DIRECT_MENU_ITEM
371,2026-10-19,2026-10-19,Breakfast,BREAKFAST,COMMON,Pickle,Pickle,False,DIRECT_MENU_ITEM
372,2026-10-19,2026-10-19,Lunch,LUNCH,COMMON,Panchmail Dal,Panchmail Dal,False,CANONICAL_MAPPING
373,2026-10-19,2026-10-19,Lunch,LUNCH,COMMON,Veg Korma,Veg Korma,False,DIRECT_MENU_ITEM
374,2026-10-19,2026-10-19,Lunch,LUNCH,COMMON,Mint Raita,Mint Raita,False,CANONICAL_MAPPING
375,2026-10-19,2026-10-19,Lunch,LUNCH,COMMON,Steamed Rice,Plain Rice,False,CANONICAL_MAPPING
376,2026-10-19,2026-10-19,Lunch,LUNCH,COMMON,Green Salad,Green Salad,False,DIRECT_MENU_ITEM
377,2026-10-19,2026-10-19,Lunch,LUNCH,COMMON,Chapati,Chapati,False,DIRECT_MENU_ITEM
378,2026-10-19,2026-10-19,E-Tea,E_TEA,COMMON,Jhal Muri,Jhal Muri,False,DIRECT_MENU_ITEM
379,2026-10-19,2026-10-19,E-Tea,E_TEA,COMMON,Tea,Tea,False,DIRECT_MENU_ITEM
380,2026-10-19,2026-10-19,Girls Hostel,E_TEA,GIRLS_HOSTEL,Jhal Muri,Jhal Muri,False,DIRECT_MENU_ITEM
381,2026-10-19,2026-10-19,Girls Hostel,E_TEA,GIRLS_HOSTEL,Tea,Tea,False,DIRECT_MENU_ITEM
382,2026-10-19,2026-10-19,Dinner,DINNER,COMMON,Sabut Masoor,Sabut Masoor,False,CANONICAL_MAPPING
383,2026-10-19,2026-10-19,Dinner,DINNER,COMMON,Tam Aloo,Dum Aloo,False,SPELLING_NORMALISATION
384,2026-10-19,2026-10-19,Dinner,DINNER,COMMON,Steamed Rice,Plain Rice,False,CANONICAL_MAPPING
385,2026-10-19,2026-10-19,Dinner,DINNER,COMMON,Green Salad,Green Salad,False,DIRECT_MENU_ITEM
386,2026-10-19,2026-10-19,Dinner,DINNER,COMMON,Chapati,Chapati,False,DIRECT_MENU_ITEM
387,2026-10-19,2026-10-19,Dessert,DINNER,COMMON,Coconut Laddu,Coconut Laddu,True,DIRECT_MENU_ITEM_DESSERT_ATTACHED_TO_DINNER
388,2026-10-20,2026-10-20,Breakfast,BREAKFAST,COMMON,Cornflakes,Cornflakes,False,DIRECT_MENU_ITEM
389,2026-10-20,2026-10-20,Breakfast,BREAKFAST,COMMON,Masala Aloo,Masala Aloo,False,DIRECT_MENU_ITEM
390,2026-10-20,2026-10-20,Breakfast,BREAKFAST,COMMON,Sandwich,Sandwich,False,DIRECT_MENU_ITEM
391,2026-10-20,2026-10-20,Breakfast,BREAKFAST,COMMON,Tomato Ketchup,Tomato Ketchup,False,CANONICAL_MAPPING
392,2026-10-20,2026-10-20,Breakfast,BREAKFAST,COMMON,Milk,Milk,False,DIRECT_MENU_ITEM
393,2026-10-20,2026-10-20,Breakfast,BREAKFAST,COMMON,Tea,Tea,False,DIRECT_MENU_ITEM
394,2026-10-20,2026-10-20,Lunch,LUNCH,COMMON,Rajmah,Rajmah,False,DIRECT_MENU_ITEM
395,2026-10-20,2026-10-20,Lunch,LUNCH,COMMON,Green Peas Masala,Green Peas Masala,False,DIRECT_MENU_ITEM
396,2026-10-20,2026-10-20,Lunch,LUNCH,COMMON,Steamed Rice,Plain Rice,False,CANONICAL_MAPPING
397,2026-10-20,2026-10-20,Lunch,LUNCH,COMMON,Mix Raita,Mix Raita,False,CANONICAL_MAPPING
398,2026-10-20,2026-10-20,Lunch,LUNCH,COMMON,Kachumber Salad,Kachumber Salad,False,DIRECT_MENU_ITEM
399,2026-10-20,2026-10-20,Lunch,LUNCH,COMMON,Chapati,Chapati,False,DIRECT_MENU_ITEM
400,2026-10-20,2026-10-20,E-Tea,E_TEA,COMMON,Namkeen,Namkeen,False,DIRECT_MENU_ITEM
401,2026-10-20,2026-10-20,E-Tea,E_TEA,COMMON,Tea,Tea,False,DIRECT_MENU_ITEM
402,2026-10-20,2026-10-20,Girls Hostel,E_TEA,GIRLS_HOSTEL,Samosa,Samosa,False,DIRECT_MENU_ITEM
403,2026-10-20,2026-10-20,Girls Hostel,E_TEA,GIRLS_HOSTEL,Tea,Tea,False,DIRECT_MENU_ITEM
404,2026-10-20,2026-10-20,Dinner,DINNER,COMMON,Dal Palak,Dal Palak,False,CANONICAL_MAPPING
405,2026-10-20,2026-10-20,Dinner,DINNER,COMMON,Veg Jalfrazi,Veg Jalfrazi,False,DIRECT_MENU_ITEM
406,2026-10-20,2026-10-20,Dinner,DINNER,COMMON,Steamed Rice,Plain Rice,False,CANONICAL_MAPPING
407,2026-10-20,2026-10-20,Dinner,DINNER,COMMON,Green Salad,Green Salad,False,DIRECT_MENU_ITEM
408,2026-10-20,2026-10-20,Dinner,DINNER,COMMON,Chapati,Chapati,False,DIRECT_MENU_ITEM
409,2026-10-21,2026-10-21,Breakfast,BREAKFAST,COMMON,Poha,Poha,False,DIRECT_MENU_ITEM
410,2026-10-21,2026-10-21,Breakfast,BREAKFAST,COMMON,Besan Chilla,Besan Chilla,False,DIRECT_MENU_ITEM
411,2026-10-21,2026-10-21,Breakfast,BREAKFAST,COMMON,Chutney,Chutney,False,DIRECT_MENU_ITEM
412,2026-10-21,2026-10-21,Breakfast,BREAKFAST,COMMON,Tea,Tea,False,DIRECT_MENU_ITEM
413,2026-10-21,2026-10-21,Breakfast,BREAKFAST,COMMON,Milk,Milk,False,DIRECT_MENU_ITEM
414,2026-10-21,2026-10-21,Lunch,LUNCH,COMMON,Black Dal Tadka,Black Dal Tadka,False,CANONICAL_MAPPING
415,2026-10-21,2026-10-21,Lunch,LUNCH,COMMON,Ghiya Masala,Ghiya Masala,False,DIRECT_MENU_ITEM
416,2026-10-21,2026-10-21,Lunch,LUNCH,COMMON,Boondi Raita,Boondi Raita,False,CANONICAL_MAPPING
417,2026-10-21,2026-10-21,Lunch,LUNCH,COMMON,Jeera Rice,Jeera Rice,False,CANONICAL_MAPPING
418,2026-10-21,2026-10-21,Lunch,LUNCH,COMMON,Green Salad,Green Salad,False,DIRECT_MENU_ITEM
419,2026-10-21,2026-10-21,Lunch,LUNCH,COMMON,Chapati,Chapati,False,DIRECT_MENU_ITEM
420,2026-10-21,2026-10-21,E-Tea,E_TEA,COMMON,Aloo Bonda,Aloo Bonda,False,DIRECT_MENU_ITEM
421,2026-10-21,2026-10-21,E-Tea,E_TEA,COMMON,Tea,Tea,False,DIRECT_MENU_ITEM
422,2026-10-21,2026-10-21,Girls Hostel,E_TEA,GIRLS_HOSTEL,Cream Roll,Cream Roll,False,DIRECT_MENU_ITEM
423,2026-10-21,2026-10-21,Girls Hostel,E_TEA,GIRLS_HOSTEL,Coffee,Coffee,False,DIRECT_MENU_ITEM
424,2026-10-21,2026-10-21,Dinner,DINNER,COMMON,Chicken Curry,Chicken Curry,False,DIRECT_MENU_ITEM
425,2026-10-21,2026-10-21,Dinner,DINNER,COMMON,Matar Paneer,Matar Paneer,False,DIRECT_MENU_ITEM
426,2026-10-21,2026-10-21,Dinner,DINNER,COMMON,Lobiya Dal,Lobiya Dal,False,CANONICAL_MAPPING
427,2026-10-21,2026-10-21,Dinner,DINNER,COMMON,Steamed Rice,Plain Rice,False,CANONICAL_MAPPING
428,2026-10-21,2026-10-21,Dinner,DINNER,COMMON,Sirca Onion,Sirca Onion,False,DIRECT_MENU_ITEM
429,2026-10-21,2026-10-21,Dinner,DINNER,COMMON,Chapati,Chapati,False,DIRECT_MENU_ITEM
430,2026-10-22,2026-10-22,Breakfast,BREAKFAST,COMMON,Poori,Poori,False,DIRECT_MENU_ITEM
431,2026-10-22,2026-10-22,Breakfast,BREAKFAST,COMMON,Aloo Bhaji,Aloo Bhaji,False,DIRECT_MENU_ITEM
432,2026-10-22,2026-10-22,Breakfast,BREAKFAST,COMMON,Tea,Tea,False,DIRECT_MENU_ITEM
433,2026-10-22,2026-10-22,Breakfast,BREAKFAST,COMMON,Pickle,Pickle,False,DIRECT_MENU_ITEM
434,2026-10-22,2026-10-22,Lunch,LUNCH,COMMON,Kadhi Pakora,Kadhi Pakora,False,CANONICAL_MAPPING
435,2026-10-22,2026-10-22,Lunch,LUNCH,COMMON,Aloo Cabbage Matar,Aloo Cabbage Matar,False,DIRECT_MENU_ITEM
436,2026-10-22,2026-10-22,Lunch,LUNCH,COMMON,Steamed Rice,Plain Rice,False,CANONICAL_MAPPING
437,2026-10-22,2026-10-22,Lunch,LUNCH,COMMON,Fryums,Fryums,False,DIRECT_MENU_ITEM
438,2026-10-22,2026-10-22,Lunch,LUNCH,COMMON,Chapati,Chapati,False,DIRECT_MENU_ITEM
439,2026-10-22,2026-10-22,E-Tea,E_TEA,COMMON,Cream Roll,Cream Roll,False,DIRECT_MENU_ITEM
440,2026-10-22,2026-10-22,E-Tea,E_TEA,COMMON,Coffee,Coffee,False,DIRECT_MENU_ITEM
441,2026-10-22,2026-10-22,Girls Hostel,E_TEA,GIRLS_HOSTEL,Biscuit,Biscuit,False,DIRECT_MENU_ITEM
442,2026-10-22,2026-10-22,Girls Hostel,E_TEA,GIRLS_HOSTEL,Coffee,Coffee,False,DIRECT_MENU_ITEM
443,2026-10-22,2026-10-22,Dinner,DINNER,COMMON,Sabut Masoor Dal Palak Corn,Sabut Masoor,False,COMPOUND_SPLIT_PRIMARY
444,2026-10-22,2026-10-22,Dinner,DINNER,COMMON,Sabut Masoor Dal Palak Corn,Palak Corn,False,COMPOUND_SPLIT_SECONDARY
445,2026-10-22,2026-10-22,Dinner,DINNER,COMMON,Steamed Rice,Plain Rice,False,CANONICAL_MAPPING
446,2026-10-22,2026-10-22,Dinner,DINNER,COMMON,Green Salad,Green Salad,False,DIRECT_MENU_ITEM
447,2026-10-22,2026-10-22,Dinner,DINNER,COMMON,Chapati,Chapati,False,DIRECT_MENU_ITEM
448,2026-10-22,2026-10-22,Dessert,DINNER,COMMON,Besan Ka Halwa,Besan Ka Halwa,True,DIRECT_MENU_ITEM_DESSERT_ATTACHED_TO_DINNER
449,2026-10-23,2026-10-23,Breakfast,BREAKFAST,COMMON,Sweet Dalia,Sweet Dalia,False,DIRECT_MENU_ITEM
450,2026-10-23,2026-10-23,Breakfast,BREAKFAST,COMMON,Boiled Egg,Boiled Egg,False,DIRECT_MENU_ITEM
451,2026-10-23,2026-10-23,Breakfast,BREAKFAST,COMMON,Banana,Banana,False,DIRECT_MENU_ITEM
452,2026-10-23,2026-10-23,Breakfast,BREAKFAST,COMMON,Fat Spread,Fat Spread,False,DIRECT_MENU_ITEM
453,2026-10-23,2026-10-23,Breakfast,BREAKFAST,COMMON,Jam,Jam,False,DIRECT_MENU_ITEM
454,2026-10-23,2026-10-23,Breakfast,BREAKFAST,COMMON,Bread,Bread,False,DIRECT_MENU_ITEM
455,2026-10-23,2026-10-23,Breakfast,BREAKFAST,COMMON,Tea,Tea,False,DIRECT_MENU_ITEM
456,2026-10-23,2026-10-23,Lunch,LUNCH,COMMON,Mix Dal,Mix Dal Amritsari,False,CANONICAL_MAPPING
457,2026-10-23,2026-10-23,Lunch,LUNCH,COMMON,Aloo Capsicum Masala,Aloo Capsicum,False,CANONICAL_MAPPING
458,2026-10-23,2026-10-23,Lunch,LUNCH,COMMON,Chass,Chaas,False,SPELLING_NORMALISATION
459,2026-10-23,2026-10-23,Lunch,LUNCH,COMMON,Steamed Rice,Plain Rice,False,CANONICAL_MAPPING
460,2026-10-23,2026-10-23,Lunch,LUNCH,COMMON,Green Salad,Green Salad,False,DIRECT_MENU_ITEM
461,2026-10-23,2026-10-23,Lunch,LUNCH,COMMON,Chapati,Chapati,False,DIRECT_MENU_ITEM
462,2026-10-23,2026-10-23,E-Tea,E_TEA,COMMON,Bread Pakora,Bread Pakora,False,DIRECT_MENU_ITEM
463,2026-10-23,2026-10-23,E-Tea,E_TEA,COMMON,Tea,Tea,False,DIRECT_MENU_ITEM
464,2026-10-23,2026-10-23,Girls Hostel,E_TEA,GIRLS_HOSTEL,Jhal Muri,Jhal Muri,False,DIRECT_MENU_ITEM
465,2026-10-23,2026-10-23,Girls Hostel,E_TEA,GIRLS_HOSTEL,Tea,Tea,False,DIRECT_MENU_ITEM
466,2026-10-23,2026-10-23,Dinner,DINNER,COMMON,White Chana,White Chana,False,DIRECT_MENU_ITEM
467,2026-10-23,2026-10-23,Dinner,DINNER,COMMON,Khata Mitha Kaddu,Khata Mitha Kaddu,False,DIRECT_MENU_ITEM
468,2026-10-23,2026-10-23,Dinner,DINNER,COMMON,Steamed Rice,Plain Rice,False,CANONICAL_MAPPING
469,2026-10-23,2026-10-23,Dinner,DINNER,COMMON,Green Salad,Green Salad,False,DIRECT_MENU_ITEM
470,2026-10-23,2026-10-23,Dinner,DINNER,COMMON,Chapati,Chapati,False,DIRECT_MENU_ITEM
471,2026-10-24,2026-10-24,Breakfast,BREAKFAST,COMMON,Stuffed Paratha,Stuffed Paratha,False,DIRECT_MENU_ITEM
472,2026-10-24,2026-10-24,Breakfast,BREAKFAST,COMMON,Curd,Plain Curd,False,CANONICAL_MAPPING
473,2026-10-24,2026-10-24,Breakfast,BREAKFAST,COMMON,Pickle,Pickle,False,DIRECT_MENU_ITEM
474,2026-10-24,2026-10-24,Breakfast,BREAKFAST,COMMON,Fat Spread,Fat Spread,False,DIRECT_MENU_ITEM
475,2026-10-24,2026-10-24,Breakfast,BREAKFAST,COMMON,Tea,Tea,False,DIRECT_MENU_ITEM
476,2026-10-24,2026-10-24,Lunch,LUNCH,COMMON,Black Dal Fry,Black Dal Tadka,False,CANONICAL_MAPPING
477,2026-10-24,2026-10-24,Lunch,LUNCH,COMMON,Mix Veg,Mix Veg,False,DIRECT_MENU_ITEM
478,2026-10-24,2026-10-24,Lunch,LUNCH,COMMON,Steamed Rice,Plain Rice,False,CANONICAL_MAPPING
479,2026-10-24,2026-10-24,Lunch,LUNCH,COMMON,Boondi Raita,Boondi Raita,False,CANONICAL_MAPPING
480,2026-10-24,2026-10-24,Lunch,LUNCH,COMMON,Green Salad,Green Salad,False,DIRECT_MENU_ITEM
481,2026-10-24,2026-10-24,Lunch,LUNCH,COMMON,Chapati,Chapati,False,DIRECT_MENU_ITEM
482,2026-10-24,2026-10-24,E-Tea,E_TEA,COMMON,Jhal Muri,Jhal Muri,False,DIRECT_MENU_ITEM
483,2026-10-24,2026-10-24,E-Tea,E_TEA,COMMON,Tea,Tea,False,DIRECT_MENU_ITEM
484,2026-10-24,2026-10-24,Girls Hostel,E_TEA,GIRLS_HOSTEL,Bread Pakora,Bread Pakora,False,DIRECT_MENU_ITEM
485,2026-10-24,2026-10-24,Girls Hostel,E_TEA,GIRLS_HOSTEL,Tea,Tea,False,DIRECT_MENU_ITEM
486,2026-10-24,2026-10-24,Dinner,DINNER,COMMON,Dal Palak,Dal Palak,False,CANONICAL_MAPPING
487,2026-10-24,2026-10-24,Dinner,DINNER,COMMON,Nutry Masala,Nutry Masala,False,CANONICAL_MAPPING
488,2026-10-24,2026-10-24,Dinner,DINNER,COMMON,Rice,Plain Rice,False,CANONICAL_MAPPING
489,2026-10-24,2026-10-24,Dinner,DINNER,COMMON,Green Salad,Green Salad,False,DIRECT_MENU_ITEM
490,2026-10-24,2026-10-24,Dinner,DINNER,COMMON,Chapati,Chapati,False,DIRECT_MENU_ITEM
491,2026-10-24,2026-10-24,Dessert,DINNER,COMMON,Kesari Kheer,Kesari Kheer,True,DIRECT_MENU_ITEM_DESSERT_ATTACHED_TO_DINNER
492,2026-10-25,2026-10-25,Breakfast,BREAKFAST,COMMON,Chole Bhature,Chole Bhature,False,DIRECT_MENU_ITEM
493,2026-10-25,2026-10-25,Breakfast,BREAKFAST,COMMON,Green Chilli,Green Chilli,False,DIRECT_MENU_ITEM
494,2026-10-25,2026-10-25,Breakfast,BREAKFAST,COMMON,Pickle,Pickle,False,DIRECT_MENU_ITEM
495,2026-10-25,2026-10-25,Breakfast,BREAKFAST,COMMON,Tea,Tea,False,DIRECT_MENU_ITEM
496,2026-10-25,2026-10-25,Breakfast,BREAKFAST,COMMON,Onion,Onion,False,DIRECT_MENU_ITEM
497,2026-10-25,2026-10-25,Lunch,LUNCH,COMMON,Veg Biryani,Veg Biryani,False,CANONICAL_MAPPING
498,2026-10-25,2026-10-25,Lunch,LUNCH,COMMON,Tam Aloo,Dum Aloo,False,SPELLING_NORMALISATION
499,2026-10-25,2026-10-25,Lunch,LUNCH,COMMON,Mix Raita,Mix Raita,False,CANONICAL_MAPPING
500,2026-10-25,2026-10-25,Lunch,LUNCH,COMMON,Chana Peanut Salad,Chana Peanut Salad,False,DIRECT_MENU_ITEM
501,2026-10-25,2026-10-25,Lunch,LUNCH,COMMON,Chapati,Chapati,False,DIRECT_MENU_ITEM
502,2026-10-25,2026-10-25,E-Tea,E_TEA,COMMON,Mathi,Mathi,False,DIRECT_MENU_ITEM
503,2026-10-25,2026-10-25,E-Tea,E_TEA,COMMON,Tea,Tea,False,DIRECT_MENU_ITEM
504,2026-10-25,2026-10-25,Girls Hostel,E_TEA,GIRLS_HOSTEL,Chips,Chips,False,DIRECT_MENU_ITEM
505,2026-10-25,2026-10-25,Girls Hostel,E_TEA,GIRLS_HOSTEL,Tea,Tea,False,DIRECT_MENU_ITEM
506,2026-10-25,2026-10-25,Dinner,DINNER,COMMON,Paneer Chettinad,Paneer Chettinad,False,DIRECT_MENU_ITEM
507,2026-10-25,2026-10-25,Dinner,DINNER,COMMON,Egg Bhurji,Egg Bhurji,False,DIRECT_MENU_ITEM
508,2026-10-25,2026-10-25,Dinner,DINNER,COMMON,Moong Sabut,Moong Sabut,False,CANONICAL_MAPPING
509,2026-10-25,2026-10-25,Dinner,DINNER,COMMON,Steamed Rice,Plain Rice,False,CANONICAL_MAPPING
510,2026-10-25,2026-10-25,Dinner,DINNER,COMMON,Green Salad,Green Salad,False,DIRECT_MENU_ITEM
511,2026-10-25,2026-10-25,Dinner,DINNER,COMMON,Chapati,Chapati,False,DIRECT_MENU_ITEM
512,2026-10-26,2026-10-26,Breakfast,BREAKFAST,COMMON,Pav Bhaji,Pav Bhaji,False,DIRECT_MENU_ITEM
513,2026-10-26,2026-10-26,Breakfast,BREAKFAST,COMMON,Tea,Tea,False,DIRECT_MENU_ITEM
514,2026-10-26,2026-10-26,Breakfast,BREAKFAST,COMMON,Pickle,Pickle,False,DIRECT_MENU_ITEM
515,2026-10-26,2026-10-26,Breakfast,BREAKFAST,COMMON,Milk,Milk,False,DIRECT_MENU_ITEM
516,2026-10-26,2026-10-26,Lunch,LUNCH,COMMON,Rajmah Ghiya Masala,Rajmah,False,COMPOUND_SPLIT_PRIMARY
517,2026-10-26,2026-10-26,Lunch,LUNCH,COMMON,Rajmah Ghiya Masala,Ghiya Masala,False,COMPOUND_SPLIT_SECONDARY
518,2026-10-26,2026-10-26,Lunch,LUNCH,COMMON,Steamed Rice,Plain Rice,False,CANONICAL_MAPPING
519,2026-10-26,2026-10-26,Lunch,LUNCH,COMMON,Jeera Raita,Jeera Raita,False,CANONICAL_MAPPING
520,2026-10-26,2026-10-26,Lunch,LUNCH,COMMON,Green Salad,Green Salad,False,DIRECT_MENU_ITEM
521,2026-10-26,2026-10-26,Lunch,LUNCH,COMMON,Chapati,Chapati,False,DIRECT_MENU_ITEM
522,2026-10-26,2026-10-26,E-Tea,E_TEA,COMMON,Chips,Chips,False,DIRECT_MENU_ITEM
523,2026-10-26,2026-10-26,E-Tea,E_TEA,COMMON,Tea,Tea,False,DIRECT_MENU_ITEM
524,2026-10-26,2026-10-26,Girls Hostel,E_TEA,GIRLS_HOSTEL,Mathi,Mathi,False,DIRECT_MENU_ITEM
525,2026-10-26,2026-10-26,Girls Hostel,E_TEA,GIRLS_HOSTEL,Tea,Tea,False,DIRECT_MENU_ITEM
526,2026-10-26,2026-10-26,Dinner,DINNER,COMMON,Black Chana Aloo Cabbage Matar,Black Chana,False,COMPOUND_SPLIT_PRIMARY
527,2026-10-26,2026-10-26,Dinner,DINNER,COMMON,Black Chana Aloo Cabbage Matar,Aloo Cabbage Matar,False,COMPOUND_SPLIT_SECONDARY
528,2026-10-26,2026-10-26,Dinner,DINNER,COMMON,Steamed Rice,Plain Rice,False,CANONICAL_MAPPING
529,2026-10-26,2026-10-26,Dinner,DINNER,COMMON,Green Salad,Green Salad,False,DIRECT_MENU_ITEM
530,2026-10-26,2026-10-26,Dinner,DINNER,COMMON,Chapati,Chapati,False,DIRECT_MENU_ITEM
531,2026-10-27,2026-10-27,Breakfast,BREAKFAST,COMMON,Namkeen Seviyan,Namkeen Seviyan,False,DIRECT_MENU_ITEM
532,2026-10-27,2026-10-27,Breakfast,BREAKFAST,COMMON,Masala Aloo,Masala Aloo,False,DIRECT_MENU_ITEM
533,2026-10-27,2026-10-27,Breakfast,BREAKFAST,COMMON,Sandwich,Sandwich,False,DIRECT_MENU_ITEM
534,2026-10-27,2026-10-27,Breakfast,BREAKFAST,COMMON,Tomato Ketchup,Tomato Ketchup,False,CANONICAL_MAPPING
535,2026-10-27,2026-10-27,Breakfast,BREAKFAST,COMMON,Milk,Milk,False,DIRECT_MENU_ITEM
536,2026-10-27,2026-10-27,Breakfast,BREAKFAST,COMMON,Tea,Tea,False,DIRECT_MENU_ITEM
537,2026-10-27,2026-10-27,Lunch,LUNCH,COMMON,Panchmail Dal,Panchmail Dal,False,CANONICAL_MAPPING
538,2026-10-27,2026-10-27,Lunch,LUNCH,COMMON,Veg Korma,Veg Korma,False,DIRECT_MENU_ITEM
539,2026-10-27,2026-10-27,Lunch,LUNCH,COMMON,Jeera Rice,Jeera Rice,False,CANONICAL_MAPPING
540,2026-10-27,2026-10-27,Lunch,LUNCH,COMMON,Green Salad,Green Salad,False,DIRECT_MENU_ITEM
541,2026-10-27,2026-10-27,Lunch,LUNCH,COMMON,Boondi Raita,Boondi Raita,False,CANONICAL_MAPPING
542,2026-10-27,2026-10-27,Lunch,LUNCH,COMMON,Chapati,Chapati,False,DIRECT_MENU_ITEM
543,2026-10-27,2026-10-27,E-Tea,E_TEA,COMMON,Muffin,Muffin,False,DIRECT_MENU_ITEM
544,2026-10-27,2026-10-27,E-Tea,E_TEA,COMMON,Tea,Tea,False,DIRECT_MENU_ITEM
545,2026-10-27,2026-10-27,Girls Hostel,E_TEA,GIRLS_HOSTEL,Muffin,Muffin,False,DIRECT_MENU_ITEM
546,2026-10-27,2026-10-27,Girls Hostel,E_TEA,GIRLS_HOSTEL,Tea,Tea,False,DIRECT_MENU_ITEM
547,2026-10-27,2026-10-27,Dinner,DINNER,COMMON,Dal Makhani,Dal Makhani,False,CANONICAL_MAPPING
548,2026-10-27,2026-10-27,Dinner,DINNER,COMMON,Amritsari Badi,Amritsari Badi,False,DIRECT_MENU_ITEM
549,2026-10-27,2026-10-27,Dinner,DINNER,COMMON,Steamed Rice,Plain Rice,False,CANONICAL_MAPPING
550,2026-10-27,2026-10-27,Dinner,DINNER,COMMON,Green Salad,Green Salad,False,DIRECT_MENU_ITEM
551,2026-10-27,2026-10-27,Dinner,DINNER,COMMON,Chapati,Chapati,False,DIRECT_MENU_ITEM
552,2026-10-27,2026-10-27,Dessert,DINNER,COMMON,Gulab Jamun,Gulab Jamun,True,DIRECT_MENU_ITEM_DESSERT_ATTACHED_TO_DINNER
553,2026-10-28,2026-10-28,Breakfast,BREAKFAST,COMMON,Poha,Poha,False,DIRECT_MENU_ITEM
554,2026-10-28,2026-10-28,Breakfast,BREAKFAST,COMMON,Besan Chilla,Besan Chilla,False,DIRECT_MENU_ITEM
555,2026-10-28,2026-10-28,Breakfast,BREAKFAST,COMMON,Chutney,Chutney,False,DIRECT_MENU_ITEM
556,2026-10-28,2026-10-28,Breakfast,BREAKFAST,COMMON,Tea,Tea,False,DIRECT_MENU_ITEM
557,2026-10-28,2026-10-28,Breakfast,BREAKFAST,COMMON,Milk,Milk,False,DIRECT_MENU_ITEM
558,2026-10-28,2026-10-28,Lunch,LUNCH,COMMON,Dal Maratha,Dal Maratha,False,CANONICAL_MAPPING
559,2026-10-28,2026-10-28,Lunch,LUNCH,COMMON,Dahi Aloo,Dahi Aloo,False,DIRECT_MENU_ITEM
560,2026-10-28,2026-10-28,Lunch,LUNCH,COMMON,Boondi Raita,Boondi Raita,False,CANONICAL_MAPPING
561,2026-10-28,2026-10-28,Lunch,LUNCH,COMMON,Steamed Rice,Plain Rice,False,CANONICAL_MAPPING
562,2026-10-28,2026-10-28,Lunch,LUNCH,COMMON,Green Salad,Green Salad,False,DIRECT_MENU_ITEM
563,2026-10-28,2026-10-28,Lunch,LUNCH,COMMON,Chapati,Chapati,False,DIRECT_MENU_ITEM
564,2026-10-28,2026-10-28,E-Tea,E_TEA,COMMON,Mix Pakora,Mix Pakora,False,DIRECT_MENU_ITEM
565,2026-10-28,2026-10-28,E-Tea,E_TEA,COMMON,Tea,Tea,False,DIRECT_MENU_ITEM
566,2026-10-28,2026-10-28,Girls Hostel,E_TEA,GIRLS_HOSTEL,Tea Cake,Tea Cake,False,DIRECT_MENU_ITEM
567,2026-10-28,2026-10-28,Girls Hostel,E_TEA,GIRLS_HOSTEL,Tea,Tea,False,DIRECT_MENU_ITEM
568,2026-10-28,2026-10-28,Dinner,DINNER,COMMON,Chicken Kohlapuri,Chicken Kolhapuri,False,SPELLING_NORMALISATION
569,2026-10-28,2026-10-28,Dinner,DINNER,COMMON,Paneer Butter Masala,Paneer Butter Masala,False,DIRECT_MENU_ITEM
570,2026-10-28,2026-10-28,Dinner,DINNER,COMMON,Lobiya Dal,Lobiya Dal,False,CANONICAL_MAPPING
571,2026-10-28,2026-10-28,Dinner,DINNER,COMMON,Steamed Rice,Plain Rice,False,CANONICAL_MAPPING
572,2026-10-28,2026-10-28,Dinner,DINNER,COMMON,Sirca Onion,Sirca Onion,False,DIRECT_MENU_ITEM
573,2026-10-28,2026-10-28,Dinner,DINNER,COMMON,Chapati,Chapati,False,DIRECT_MENU_ITEM
574,2026-10-29,2026-10-29,Breakfast,BREAKFAST,COMMON,Poori,Poori,False,DIRECT_MENU_ITEM
575,2026-10-29,2026-10-29,Breakfast,BREAKFAST,COMMON,Aloo Bhaji,Aloo Bhaji,False,DIRECT_MENU_ITEM
576,2026-10-29,2026-10-29,Breakfast,BREAKFAST,COMMON,Tea,Tea,False,DIRECT_MENU_ITEM
577,2026-10-29,2026-10-29,Breakfast,BREAKFAST,COMMON,Pickle,Pickle,False,DIRECT_MENU_ITEM
578,2026-10-29,2026-10-29,Lunch,LUNCH,COMMON,Aloo Onion Kadhi,Aloo Onion Kadhi,False,CANONICAL_MAPPING
579,2026-10-29,2026-10-29,Lunch,LUNCH,COMMON,Aloo Jeera,Jeera Aloo,False,CANONICAL_MAPPING
580,2026-10-29,2026-10-29,Lunch,LUNCH,COMMON,Steamed Rice,Plain Rice,False,CANONICAL_MAPPING
581,2026-10-29,2026-10-29,Lunch,LUNCH,COMMON,Fryums,Fryums,False,DIRECT_MENU_ITEM
582,2026-10-29,2026-10-29,Lunch,LUNCH,COMMON,Chapati,Chapati,False,DIRECT_MENU_ITEM
583,2026-10-29,2026-10-29,E-Tea,E_TEA,COMMON,Tea Cake,Tea Cake,False,DIRECT_MENU_ITEM
584,2026-10-29,2026-10-29,E-Tea,E_TEA,COMMON,Tea,Tea,False,DIRECT_MENU_ITEM
585,2026-10-29,2026-10-29,Girls Hostel,E_TEA,GIRLS_HOSTEL,Mix Pakora,Mix Pakora,False,DIRECT_MENU_ITEM
586,2026-10-29,2026-10-29,Girls Hostel,E_TEA,GIRLS_HOSTEL,Tea,Tea,False,DIRECT_MENU_ITEM
587,2026-10-29,2026-10-29,Dinner,DINNER,COMMON,White Chana,White Chana,False,DIRECT_MENU_ITEM
588,2026-10-29,2026-10-29,Dinner,DINNER,COMMON,Khata Mitha Kaddu,Khata Mitha Kaddu,False,DIRECT_MENU_ITEM
589,2026-10-29,2026-10-29,Dinner,DINNER,COMMON,Steamed Rice,Plain Rice,False,CANONICAL_MAPPING
590,2026-10-29,2026-10-29,Dinner,DINNER,COMMON,Green Salad,Green Salad,False,DIRECT_MENU_ITEM
591,2026-10-29,2026-10-29,Dinner,DINNER,COMMON,Chapati,Chapati,False,DIRECT_MENU_ITEM
592,2026-10-29,2026-10-29,Dessert,DINNER,COMMON,Vermicelli Payasam,Vermicelli Payasam,True,DIRECT_MENU_ITEM_DESSERT_ATTACHED_TO_DINNER
593,2026-10-30,2026-10-30,Breakfast,BREAKFAST,COMMON,Sweet Dalia,Sweet Dalia,False,DIRECT_MENU_ITEM
594,2026-10-30,2026-10-30,Breakfast,BREAKFAST,COMMON,Omelette,Omelette,False,DIRECT_MENU_ITEM
595,2026-10-30,2026-10-30,Breakfast,BREAKFAST,COMMON,Banana,Banana,False,DIRECT_MENU_ITEM
596,2026-10-30,2026-10-30,Breakfast,BREAKFAST,COMMON,Fat Spread,Fat Spread,False,DIRECT_MENU_ITEM
597,2026-10-30,2026-10-30,Breakfast,BREAKFAST,COMMON,Jam,Jam,False,DIRECT_MENU_ITEM
598,2026-10-30,2026-10-30,Breakfast,BREAKFAST,COMMON,Bread,Bread,False,DIRECT_MENU_ITEM
599,2026-10-30,2026-10-30,Breakfast,BREAKFAST,COMMON,Tea,Tea,False,DIRECT_MENU_ITEM
600,2026-10-30,2026-10-30,Lunch,LUNCH,COMMON,Yellow Dal Tadka,Yellow Dal Tadka,False,CANONICAL_MAPPING
601,2026-10-30,2026-10-30,Lunch,LUNCH,COMMON,Mix Veg,Mix Veg,False,DIRECT_MENU_ITEM
602,2026-10-30,2026-10-30,Lunch,LUNCH,COMMON,Boondi Raita,Boondi Raita,False,CANONICAL_MAPPING
603,2026-10-30,2026-10-30,Lunch,LUNCH,COMMON,Steamed Rice,Plain Rice,False,CANONICAL_MAPPING
604,2026-10-30,2026-10-30,Lunch,LUNCH,COMMON,Green Salad,Green Salad,False,DIRECT_MENU_ITEM
605,2026-10-30,2026-10-30,Lunch,LUNCH,COMMON,Chapati,Chapati,False,DIRECT_MENU_ITEM
606,2026-10-30,2026-10-30,E-Tea,E_TEA,COMMON,Samosa,Samosa,False,DIRECT_MENU_ITEM
607,2026-10-30,2026-10-30,E-Tea,E_TEA,COMMON,Tea,Tea,False,DIRECT_MENU_ITEM
608,2026-10-30,2026-10-30,Girls Hostel,E_TEA,GIRLS_HOSTEL,Rusk,Rusk,False,DIRECT_MENU_ITEM
609,2026-10-30,2026-10-30,Girls Hostel,E_TEA,GIRLS_HOSTEL,Tea,Tea,False,DIRECT_MENU_ITEM
610,2026-10-30,2026-10-30,Dinner,DINNER,COMMON,Rajmah Ghiya Masala,Rajmah,False,COMPOUND_SPLIT_PRIMARY
611,2026-10-30,2026-10-30,Dinner,DINNER,COMMON,Rajmah Ghiya Masala,Ghiya Masala,False,COMPOUND_SPLIT_SECONDARY
612,2026-10-30,2026-10-30,Dinner,DINNER,COMMON,Jeera Rice,Jeera Rice,False,CANONICAL_MAPPING
613,2026-10-30,2026-10-30,Dinner,DINNER,COMMON,Kachumber Salad,Kachumber Salad,False,DIRECT_MENU_ITEM
614,2026-10-30,2026-10-30,Dinner,DINNER,COMMON,Chapati,Chapati,False,DIRECT_MENU_ITEM
615,2026-10-31,2026-10-31,Breakfast,BREAKFAST,COMMON,Stuffed Paratha,Stuffed Paratha,False,DIRECT_MENU_ITEM
616,2026-10-31,2026-10-31,Breakfast,BREAKFAST,COMMON,Curd,Plain Curd,False,CANONICAL_MAPPING
617,2026-10-31,2026-10-31,Breakfast,BREAKFAST,COMMON,Pickle,Pickle,False,DIRECT_MENU_ITEM
618,2026-10-31,2026-10-31,Breakfast,BREAKFAST,COMMON,Fat Spread,Fat Spread,False,DIRECT_MENU_ITEM
619,2026-10-31,2026-10-31,Breakfast,BREAKFAST,COMMON,Tea,Tea,False,DIRECT_MENU_ITEM
620,2026-10-31,2026-10-31,Lunch,LUNCH,COMMON,Black Chana,Black Chana,False,DIRECT_MENU_ITEM
621,2026-10-31,2026-10-31,Lunch,LUNCH,COMMON,Nutry Matar,Nutry Matar,False,CANONICAL_MAPPING
622,2026-10-31,2026-10-31,Lunch,LUNCH,COMMON,Mint Raita,Mint Raita,False,CANONICAL_MAPPING
623,2026-10-31,2026-10-31,Lunch,LUNCH,COMMON,Steamed Rice,Plain Rice,False,CANONICAL_MAPPING
624,2026-10-31,2026-10-31,Lunch,LUNCH,COMMON,Green Salad,Green Salad,False,DIRECT_MENU_ITEM
625,2026-10-31,2026-10-31,Lunch,LUNCH,COMMON,Chapati,Chapati,False,DIRECT_MENU_ITEM
626,2026-10-31,2026-10-31,E-Tea,E_TEA,COMMON,Rusk,Rusk,False,DIRECT_MENU_ITEM
627,2026-10-31,2026-10-31,E-Tea,E_TEA,COMMON,Tea,Tea,False,DIRECT_MENU_ITEM
628,2026-10-31,2026-10-31,Girls Hostel,E_TEA,GIRLS_HOSTEL,Samosa,Samosa,False,DIRECT_MENU_ITEM
629,2026-10-31,2026-10-31,Girls Hostel,E_TEA,GIRLS_HOSTEL,Tea,Tea,False,DIRECT_MENU_ITEM
630,2026-10-31,2026-10-31,Dinner,DINNER,COMMON,Chana Dal Tadka,Chana Dal Tadka,False,CANONICAL_MAPPING
631,2026-10-31,2026-10-31,Dinner,DINNER,COMMON,Dum Aloo,Dum Aloo,False,CANONICAL_MAPPING
632,2026-10-31,2026-10-31,Dinner,DINNER,COMMON,Steamed Rice,Plain Rice,False,CANONICAL_MAPPING
633,2026-10-31,2026-10-31,Dinner,DINNER,COMMON,Green Salad,Green Salad,False,DIRECT_MENU_ITEM
634,2026-10-31,2026-10-31,Dinner,DINNER,COMMON,Chapati,Chapati,False,DIRECT_MENU_ITEM
635,2026-10-31,2026-10-31,Dessert,DINNER,COMMON,Chocolate,Chocolate,True,DIRECT_MENU_ITEM_DESSERT_ATTACHED_TO_DINNER
